SamplingSite,Population,Fishery,Component,Gear,Mesh,ReturnYear,n,Age0.1,Age0.2,Age1.1,Age0.3,Age1.2,Age2.1,Age0.4,Age1.3,Age2.2,Age0.5,Age1.4,Age2.3,Age1.5,Age2.4,Age2.5,Age1.6,SumProportions,FWAgeAssumed,Comments,Reference,Page
Alexander,Alexander,,Escapement,Weir,,2015,52,0,0,0.0577,0,0.4423,0,0,0.4615,0,0,0.0385,0,0,0,0,0,1,,,St. Saviour 2017; table 3,
Anchor,Anchor,,Escapement,Weir,,2003,601,0,0,0.05,0,0.23,0,0,0.58,0,0,0.14,0,0,0,0,0,1,Y,Age comp reported in terms of ocean age.  We assumed FW age = 1.,Kerkvliet et al. 2006,37
Anchor,Anchor,,Escapement,Weir,,2004,285,0,0,0.088,0,0.207,0,0,0.486,0,0,0.219,0,0,0,0,0,1,Y,Age comp reported in terms of ocean age.  We assumed FW age = 1.,Kerkvliet et al. 2006,38
Anchor,Anchor,,Escapement,Weir,,2005,415,0,0,0.05,0,0.239,0,0,0.522,0,0,0.189,0,0,0,0,0,1,Y,Age comp reported in terms of ocean age.  We assumed FW age = 1.,Kerkvliet et al. 2010,38
Anchor,Anchor,,Escapement,Weir,,2006,207,0,0,0.064,0,0.165,0,0,0.521,0,0,0.25,0,0,0,0,0,1,Y,Age comp reported in terms of ocean age.  We assumed FW age = 1.,Kerkvliet et al. 2010,39
Anchor,Anchor,,Escapement,Weir,,2007,185,0,0,0.005,0,0.22,0,0,0.534,0,0,0.241,0,0,0,0,0,1,Y,Age comp reported in terms of ocean age.  We assumed FW age = 1.,Kerkvliet et al. 2012,34
Anchor,Anchor,,Escapement,Weir,,2008,116,0,0,0.044,0,0.218,0,0,0.685,0,0,0.052,0,0,0,0,0,1,Y,Age comp reported in terms of ocean age.  We assumed FW age = 1.,Kerkvliet et al. 2012,35
Anchor,Anchor,,Escapement,Weir,,2009,90,0,0,0.078,0,0.511,0,0,0.367,0,0,0.044,0,0,0,0,0,1,Y,Age comp reported in terms of ocean age.  We assumed FW age = 1.,Kerkvliet and Booz 2012,25
Anchor,Anchor,,Escapement,Weir,,2010,273,0,0,0.07,0,0.361,0,0,0.513,0,0,0.056,0,0,0,0,0,1,Y,Age comp reported in terms of ocean age.  We assumed FW age = 1.,Mike Booz; ADF&G; pers. comm. 3/16/2017 (percent age comp) and 6/19/18 (sample sizes),
Anchor,Anchor,,Escapement,Weir,,2011,282,0,0,0.032,0,0.5,0,0,0.411,0,0,0.057,0,0,0,0,0,1,Y,Age comp reported in terms of ocean age.  We assumed FW age = 1.,Mike Booz; ADF&G; pers. comm. 3/16/2017 (percent age comp) and 6/19/18 (sample sizes),
Anchor,Anchor,,Escapement,Weir,,2012,199,0,0,0.108,0,0.343,0,0,0.504,0,0,0.045,0,0,0,0,0,1,Y,Age comp reported in terms of ocean age.  We assumed FW age = 1.,Mike Booz; ADF&G; pers. comm. 3/16/2017 (percent age comp) and 6/19/18 (sample sizes),
Anchor,Anchor,,Escapement,Weir,,2013,254,0,0,0.201,0,0.314,0,0,0.436,0,0,0.047,0,0,0,0,0,1,Y,Age comp reported in terms of ocean age.  We assumed FW age = 1.,Mike Booz; ADF&G; pers. comm. 3/16/2017 (percent age comp) and 6/19/18 (sample sizes),
Anchor,Anchor,,Escapement,Weir,,2014,267,0,0,0.136,0,0.366,0,0,0.408,0,0,0.091,0,0,0,0,0,1,Y,Age comp reported in terms of ocean age.  We assumed FW age = 1.,Mike Booz; ADF&G; pers. comm. 3/16/2017 (percent age comp) and 6/19/18 (sample sizes),
Anchor,Anchor,,Escapement,Weir,,2015,379,0,0,0.135,0,0.393,0,0,0.446,0,0,0.026,0,0,0,0,0,1,Y,Age comp reported in terms of ocean age.  We assumed FW age = 1.,Mike Booz; ADF&G; pers. comm. 3/16/2017 (percent age comp) and 6/19/18 (sample sizes),
Anchor,Anchor,,Escapement,Weir,,2016,260,0,0,0.062,0,0.412,0,0,0.479,0,0,0.047,0,0,0,0,0,1,Y,Age comp reported in terms of ocean age.  We assumed FW age = 1.,Mike Booz; ADF&G; pers. comm. 3/16/2017 (percent age comp) and 6/19/18 (sample sizes),
Central District; Upper Subdistrict,,ESSN,Commercial Harvest,Gill Net,< 6 in,1987,1212,0,0.0008,0.0206,0.0008,0.1469,0,0,0.3301,0.0017,0,0.485,0.0025,0.0107,0.0008,0,0,1,,,Tobias and Willette 2010,60
Central District; Upper Subdistrict,,ESSN,Commercial Harvest,Gill Net,< 6 in,1988,870,0,0,0.0322,0,0.1081,0,0.0023,0.1425,0.0035,0,0.685,0.0012,0.0183,0.0069,0,0,1,,,Tobias and Willette 2010,60
Central District; Upper Subdistrict,,ESSN,Commercial Harvest,Gill Net,< 6 in,1989,854,0,0,0.0094,0,0.1511,0,0,0.2108,0.0023,0,0.5328,0,0.0937,0,0,0,1,,,Tobias and Willette 2010,60
Central District; Upper Subdistrict,,ESSN,Commercial Harvest,Gill Net,< 6 in,1990,429,0,0,0.0116,0.0024,0.2906,0.0094,0.0024,0.2931,0.0046,0,0.3322,0.0048,0.0326,0.0162,0,0,1,,Proportions don't add to 1.0; but these data match the original source (no data entry error),Tobias and Willette 2010,60
Central District; Upper Subdistrict,,ESSN,Commercial Harvest,Gill Net,< 6 in,1991,446,0,0.0022,0.0067,0,0.249,0.0022,0.0045,0.3206,0,0,0.3854,0.0067,0.0202,0.0022,0,0,1,,Proportions don't add to 1.0; but these data match the original source (no data entry error),Tobias and Willette 2010,60
Central District; Upper Subdistrict,,ESSN,Commercial Harvest,Gill Net,< 6 in,1992,688,0,0,0.0246,0,0.1497,0,0,0.2762,0.0058,0,0.4956,0.0088,0.0378,0.0015,0,0,1,,Proportions don't add to 1.0; but these data match the original source (no data entry error),Tobias and Willette 2010,60
Central District; Upper Subdistrict,,ESSN,Commercial Harvest,Gill Net,< 6 in,1993,992,0,0,0.0333,0,0.1401,0,0,0.2076,0.001,0,0.5646,0.008,0.0404,0.005,0,0,1,,,Tobias and Willette 2010,60
Central District; Upper Subdistrict,,ESSN,Commercial Harvest,Gill Net,< 6 in,1994,1502,0,0,0.0353,0,0.1228,0.0008,0,0.1467,0.0025,0,0.6128,0.0045,0.0581,0.0159,0,0.0005,1,,Proportions don't add to 1.0; but these data match the original source (no data entry error),Tobias and Willette 2010,60
Central District; Upper Subdistrict,,ESSN,Commercial Harvest,Gill Net,< 6 in,1995,1508,0,0,0.0273,0,0.2235,0.0009,0,0.3288,0.0076,0,0.3495,0.0011,0.059,0.0019,0.0005,0,1,,,Tobias and Willette 2010,60
Central District; Upper Subdistrict,,ESSN,Commercial Harvest,Gill Net,< 6 in,1996,2186,0,0,0.0325,0,0.1583,0.0006,0,0.3487,0.0015,0,0.4234,0.0155,0.0149,0.0046,0,0,1,,Proportions don't add to 1.0; but these data match the original source (no data entry error),Tobias and Willette 2010,60
Central District; Upper Subdistrict,,ESSN,Commercial Harvest,Gill Net,< 6 in,1997,1691,0,0,0.0638,0,0.1351,0.0027,0,0.3108,0.0027,0,0.4564,0.0072,0.0073,0.014,0,0,1,,Proportions don't add to 1.0; but these data match the original source (no data entry error),Tobias and Willette 2010,60
Central District; Upper Subdistrict,,ESSN,Commercial Harvest,Gill Net,< 6 in,1998,911,0,0.0046,0.1175,0.0022,0.2318,0.0034,0.001,0.2106,0.0157,0,0.3838,0.0054,0.0187,0.0056,0,0,1,,Proportions don't add to 1.0; but these data match the original source (no data entry error),Tobias and Willette 2010,60
Central District; Upper Subdistrict,,ESSN,Commercial Harvest,Gill Net,< 6 in,1999,1818,0,0.0005,0.0232,0,0.263,0.0016,0,0.2452,0,0,0.4346,0.004,0.0278,0,0,0,1,,,Tobias and Willette 2010,60
Central District; Upper Subdistrict,,ESSN,Commercial Harvest,Gill Net,< 6 in,2000,991,0,0,0.0915,0.0008,0.1219,0.0088,0,0.3865,0.0033,0,0.3761,0.0027,0.0077,0.0008,0,0,1,,Proportions don't add to 1.0; but these data match the original source (no data entry error),Tobias and Willette 2010,60
Central District; Upper Subdistrict,,ESSN,Commercial Harvest,Gill Net,< 6 in,2001,989,0,0,0.1168,0,0.4004,0,0,0.1453,0,0,0.3252,0,0.0123,0,0,0,1,,,Tobias and Willette 2010,60
Central District; Upper Subdistrict,,ESSN,Commercial Harvest,Gill Net,< 6 in,2002,1224,0,0,0.106,0.0004,0.2928,0,0,0.3668,0,0,0.2257,0,0.0071,0.0012,0,0,1,,,Tobias and Willette 2010,60
Central District; Upper Subdistrict,,ESSN,Commercial Harvest,Gill Net,< 6 in,2003,678,0,0,0.0383,0,0.5177,0,0,0.236,0.003,0,0.1873,0,0.0177,0,0,0,1,,,Tobias and Willette 2010,60
Central District; Upper Subdistrict,,ESSN,Commercial Harvest,Gill Net,< 6 in,2004,1409,0,0,0.0354,0,0.1983,0.0007,0,0.4822,0,0,0.2764,0.0004,0.0067,0,0,0,1,,,Tobias and Willette 2010,60
Central District; Upper Subdistrict,,ESSN,Commercial Harvest,Gill Net,< 6 in,2005,482,0,0.0021,0.029,0,0.2697,0,0,0.2013,0.0042,0,0.475,0,0.0166,0.0021,0,0,1,,,Tobias and Willette 2010,60
Central District; Upper Subdistrict,,ESSN,Commercial Harvest,Gill Net,< 6 in,2006,560,0,0,0.1286,0,0.3535,0,0,0.2196,0.0018,0,0.2714,0,0.025,0,0,0,1,,,Tobias and Willette 2010,60
Central District; Upper Subdistrict,,ESSN,Commercial Harvest,Gill Net,< 6 in,2007,789,0,0,0.0482,0,0.4271,0,0,0.2244,0.0013,0,0.2851,0,0.0127,0.0013,0,0,1,,,Tobias and Willette 2010,60
Central District; Upper Subdistrict,,ESSN,Commercial Harvest,Gill Net,< 6 in,2008,380,0,0,0.1027,0,0.1973,0,0,0.2764,0,0,0.4078,0,0.0159,0,0,0,1,,,Tobias and Willette 2010,60
Central District; Upper Subdistrict,,ESSN,Commercial Harvest,Gill Net,< 6 in,2009,487,0,0,0.1376,0,0.5134,0,0,0.1231,0,0,0.2198,0,0.0061,0,0,0,1,,,Tobias and Willette 2012a,74
Central District; Upper Subdistrict,,ESSN,Commercial Harvest,Gill Net,< 6 in,2010,760,0,0,0.1827,0,0.2462,0,0,0.3595,0.0011,0,0.2006,0.0016,0.0082,0,0,0,1,,,Tobias and Willette 2012b,71
Central District; Upper Subdistrict,,ESSN,Commercial Harvest,Gill Net,< 6 in,2011,1187,0,0,0.0456,0,0.337,0,0,0.2518,0,0,0.3527,0.0009,0.012,0,0,0,1,,,Tobias et al. 2013,68
Central District; Upper Subdistrict,,ESSN,Commercial Harvest,Gill Net,< 6 in,2012,167,0,0,0.096,0,0.18,0,0,0.365,0,0,0.359,0,0,0,0,0,1,,,Eskelin et al. 2013,26
Central District; Upper Subdistrict,,ESSN,Commercial Harvest,Gill Net,< 6 in,2013,664,0,0,0.227,0,0.434,0,0,0.152,0,0,0.186,0,0,0,0,0,1,,,Eskelin et al. 2013,34
Central District; Upper Subdistrict,,ESSN,Commercial Harvest,Gill Net,< 6 in,2014,459,0,0,0.176,0,0.322,0,0,0.291,0,0,0.209,0,0.001,0,0,0,1,,,Eskelin and Barclay 2015,23
Central District; Upper Subdistrict,,ESSN,Commercial Harvest,Gill Net,< 6 in,2015,631,0,0,0.142,0,0.374,0,0,0.243,0,0,0.238,0,0.003,0,0,0,1,,,Eskelin and Barclay 2016,23
Central District; Upper Subdistrict,,ESSN,Commercial Harvest,Gill Net,< 6 in,2016,809,0,0,0.067,0,0.285,0,0,0.362,0,0,0.267,0,0.019,0,0,0,1,,,Eskelin and Barclay 2017,37
Central District; Western Subdistrict,,WSSN,Commercial Harvest,Gill Net,< 6 in,1980,NA,0,0,0,0,0.197,0,0,0.122,0,0,0.681,0,0,0,0,0,1,,,Tobias and Willette 2010,62
Central District; Western Subdistrict,,WSSN,Commercial Harvest,Gill Net,< 6 in,1983,330,0,0,0,0,0.197,0,0,0.381,0,0,0.407,0.003,0.006,0.006,0,0,1,,,Tobias and Willette 2010,62
Central District; Western Subdistrict,,WSSN,Commercial Harvest,Gill Net,< 6 in,1984,225,0,0,0.004,0,0.169,0,0,0.351,0,0,0.436,0,0.031,0.009,0,0,1,,,Tobias and Willette 2010,62
Central District; Western Subdistrict,,WSSN,Commercial Harvest,Gill Net,< 6 in,1985,308,0.007,0,0.003,0,0.166,0,0.003,0.336,0.003,0,0.371,0.036,0,0.075,0,0,1,,Proportions don't add to 1.0; but these data match the original source (no data entry error),Tobias and Willette 2010,62
Cohoe/Ninilchik Beaches,,ESSN,Commercial Harvest,Gill Net,< 6 in,1983,442,0,0.002,0.011,0,0.185,0,0,0.199,0.002,0,0.595,0,0.004,0.002,0,0,1,,,Tobias and Willette 2010,58
Cohoe/Ninilchik Beaches,,ESSN,Commercial Harvest,Gill Net,< 6 in,1984,462,0,0.008,0.046,0.006,0.189,0,0.022,0.229,0,0,0.416,0,0.078,0.004,0.002,0,1,,Proportions don't add to 1.0; but these data match the original source (no data entry error),Tobias and Willette 2010,58
Cohoe/Ninilchik Beaches,,ESSN,Commercial Harvest,Gill Net,< 6 in,1985,1445,0,0,0.065,0,0.268,0.001,0,0.196,0.001,0,0.451,0,0.018,0.001,0,0,1,,,Tobias and Willette 2010,58
Cohoe/Ninilchik Beaches,,ESSN,Commercial Harvest,Gill Net,< 6 in,1986,645,0,0.002,0.012,0,0.237,0,0,0.396,0,0.002,0.312,0.004,0.033,0,0,0.002,1,,,Tobias and Willette 2010,58
Deshka,Deshka,,Sport Harvest,Angling,,1979,297,0,0,0,0,0.07,0,0,0.6,0,0,0.33,0,0,0,0,0,1,,,Delaney and Hepler 1983; as cited in R. Yanusz; ADFG; pers. comm.; 12-2015,
Deshka,Deshka,,Sport Harvest,Angling,,1980,181,0,0,0,0,0.1,0,0,0.51,0,0,0.39,0,0,0,0,0,1,,,Delaney and Hepler 1983; as cited in R. Yanusz; ADFG; pers. comm.; 12-2015,
Deshka,Deshka,,Sport Harvest,Angling,,1981,159,0,0,0,0,0.1,0,0,0.57,0,0,0.33,0,0,0,0,0,1,,,Delaney and Hepler 1983; as cited in R. Yanusz; ADFG; pers. comm.; 12-2015,
Deshka,Deshka,,Sport Harvest,Angling,,1982,298,0,0,0,0,0.13,0,0,0.45,0,0,0.43,0,0,0,0,0,1.01,,,Delaney and Hepler 1983; as cited in R. Yanusz; ADFG; pers. comm.; 12-2015,
Deshka,Deshka,,Sport Harvest,Angling,,1983,1329,0,0,0,0,0.21,0,0,0.46,0,0,0.33,0,0,0,0,0,1,,mixed-stock data from all the westside Susitna systems: Deshka; Chuitna; and Talachulitna rivers and Alexander; Lake; and Peters creeks.,Hepler and Bentz 1984; as cited in R. Yanusz; ADFG; pers. comm.; 12-2015,
Deshka,Deshka,,Sport Harvest,Angling,,1984,1463,0,0,0,0,0.17,0,0,0.47,0,0,0.36,0,0,0,0,0,1,,mixed-stock data from all the westside Susitna systems: Deshka; Chuitna; and Talachulitna rivers and Alexander; Lake; and Peters creeks.,Hepler and Bentz 1985; as cited in R. Yanusz; ADFG; pers. comm.; 12-2015,
Deshka,Deshka,,Sport Harvest,Angling,,1986,382,0,0,0,0,0.333,0,0,0.398,0,0,0.27,0,0,0,0,0,1,,,Hepler and Bentz 1987; as cited in R. Yanusz; ADFG; pers. comm.; 12-2015,
Deshka,Deshka,,Sport Harvest,Angling,,1987,192,0,0,0,0,0.16,0,0,0.56,0,0,0.29,0,0,0,0,0,1.01,,,Hepler et al. 1988; as cited in R. Yanusz; ADFG; pers. comm.; 12-2015,
Deshka,Deshka,,Sport Harvest,Angling,,1988,351,0,0,0.01,0,0.12,0,0,0.25,0,0,0.6,0,0.02,0,0,0,1,,,Hepler et al. 1989; as cited in R. Yanusz; ADFG; pers. comm.; 12-2015,
Deshka,Deshka,,Sport Harvest,Angling,,1989,307,0,0,0.016,0,0.254,0,0,0.254,0,0,0.462,0,0.013,0,0,0,1,,,Sweet and Webster 1990; as cited in R. Yanusz; ADFG; pers. comm.; 12-2015,
Deshka,Deshka,,Sport Harvest,Angling,,1992,105,0,0,0.11,0,0.2,0,0,0.31,0,0,0.37,0,0,0,0,0,0.99,,,Whitmore et al. 1993; as cited in R. Yanusz; ADFG; pers. comm.; 12-2015,
Deshka,Deshka,,Sport Harvest,Angling,,1993,152,0,0,0,0,0.21,0,0,0.46,0,0,0.32,0,0,0,0,0,0.99,,,Whitmore et al. 1994; as cited in R. Yanusz; ADFG; pers. comm.; 12-2015,
Deshka,Deshka,,Sport Harvest,Angling,,1994,116,0,0,0,0,0.155,0,0,0.422,0,0,0.397,0,0.009,0,0,0,0.98,,Proportions don't add to 1.0; but these data match the original source (no data entry error),Whitmore et al. 1995; as cited in R. Yanusz; ADFG; pers. comm.; 12-2015,
Deshka,Deshka,,Sport Harvest,Angling,,1998,383,0,0,0,0,0.099,0,0,0.405,0,0,0.478,0,0.015,0,0,0,1,,,Whitmore and Sweet 1999; as cited in R. Yanusz; ADFG; pers. comm.; 12-2015,
Deshka,Deshka,,Escapement,Weir,,1995,338,0,0,0.007,0,0.323,0,0,0.364,0,0,0.299,0,0.008,0,0,0,1,,,Ivey et al. 2014; p. 20,20
Deshka,Deshka,,Escapement,Weir,,1996,383,0,0.001,0.003,0,0.463,0,0,0.401,0,0,0.132,0.001,0,0,0,0,1,,,Ivey et al. 2014; p. 20,20
Deshka,Deshka,,Escapement,Weir,,1997,491,0,0,0.002,0,0.169,0,0,0.66,0,0,0.167,0.002,0,0,0,0,1,,,Ivey et al. 2014; p. 20,20
Deshka,Deshka,,Escapement,Weir,,1998,319,0,0,0,0,0.288,0,0,0.42,0.006,0,0.279,0.003,0,0.003,0,0,1,,,Ivey et al. 2014; p. 20,20
Deshka,Deshka,,Escapement,Weir,,1999,448,0,0,0,0,0.304,0,0,0.438,0,0,0.255,0,0.002,0.002,0,0,1,,,Ivey et al. 2014; p. 20,20
Deshka,Deshka,,Escapement,Weir,,2000,466,0,0,0,0,0.107,0,0,0.792,0,0,0.101,0,0,0,0,0,1,,,Ivey et al. 2014; p. 20,20
Deshka,Deshka,,Escapement,Weir,,2001,543,0,0,0.015,0,0.252,0,0,0.462,0,0,0.271,0,0,0,0,0,1,,,Ivey et al. 2014; p. 20,20
Deshka,Deshka,,Escapement,Weir,,2002,558,0,0,0.016,0,0.263,0,0,0.565,0,0,0.156,0,0,0,0,0,1,,,Ivey et al. 2014; p. 20,20
Deshka,Deshka,,Escapement,Weir,,2003,488,0,0,0.01,0,0.361,0,0,0.488,0,0,0.137,0.004,0,0,0,0,1,,,Ivey et al. 2014; p. 20,20
Deshka,Deshka,,Escapement,Weir,,2004,563,0,0,0.009,0,0.183,0,0,0.664,0,0,0.144,0,0,0,0,0,1,,,Ivey et al. 2014; p. 20,20
Deshka,Deshka,,Escapement,Weir,,2005,490,0,0,0.012,0,0.292,0,0,0.578,0,0,0.118,0,0,0,0,0,1,,,Lescanec 2018; table 5,
Deshka,Deshka,,Escapement,Weir,,2006,488,0,0,0,0,0.228,0,0,0.553,0,0,0.219,0,0,0,0,0,1,,,Lescanec 2018; table 5,
Deshka,Deshka,,Escapement,Weir,,2007,232,0,0,0,0,0.099,0,0,0.712,0,0,0.189,0,0,0,0,0,1,,,Lescanec 2018; table 5,
Deshka,Deshka,,Escapement,Weir,,2008,266,0,0,0,0,0.157,0,0,0.38,0,0,0.464,0,0,0,0,0,1,,,Lescanec 2018; table 5,
Deshka,Deshka,,Escapement,Weir,,2009,386,0,0,0,0,0.668,0,0,0.241,0,0,0.091,0,0,0,0,0,1,,,Lescanec 2018; table 5,
Deshka,Deshka,,Escapement,Weir,,2010,336,0,0,0.009,0,0.208,0,0,0.696,0,0,0.086,0,0,0,0,0,1,,,Lescanec 2018; table 5,
Deshka,Deshka,,Escapement,Weir,,2011,348,0,0,0.023,0,0.267,0,0,0.641,0,0,0.069,0,0,0,0,0,1,,,Lescanec 2018; table 5,
Deshka,Deshka,,Escapement,Weir,,2012,289,0,0,0.042,0,0.547,0,0,0.26,0,0,0.152,0,0,0,0,0,1,,,Lescanec 2018; table 5,
Deshka,Deshka,,Escapement,Weir,,2013,250,0,0,0.039,0,0.214,0,0,0.583,0,0,0.164,0,0,0,0,0,1,,,Lescanec 2018; table 5,
Deshka,Deshka,,Escapement,Weir,,2014,242,0,0,0.087,0,0.397,0,0,0.397,0,0,0.12,0,0,0,0,0,1,,,Lescanec 2018; table 5,
Deshka,Deshka,,Escapement,Weir,,2015,336,0,0,0.11,0,0.271,0,0,0.491,0,0,0.128,0,0,0,0,0,1,,,Daryl Lescanec; ADFG; pers. comm. 12/19/17,
Kalifornsky Beach,,ESSN,Commercial Harvest,Gill Net,< 6 in,1983,308,0,0,0.019,0,0.136,0,0.003,0.214,0.003,0,0.556,0.01,0.033,0.026,0,0,1,,Proportions don't add to 1.0; but these data match the original source (no data entry error),Tobias and Willette 2010,58
Kalifornsky Beach,,ESSN,Commercial Harvest,Gill Net,< 6 in,1984,287,0,0,0.042,0.011,0.192,0,0.017,0.223,0,0,0.446,0,0.066,0.003,0,0,1,,Proportions don't add to 1.0; but these data match the original source (no data entry error),Tobias and Willette 2010,58
Kalifornsky Beach,,ESSN,Commercial Harvest,Gill Net,< 6 in,1985,664,0,0,0.061,0,0.286,0,0,0.207,0.004,0,0.415,0,0.032,0,0,0,1.01,,,Tobias and Willette 2010,58
Kalifornsky Beach,,ESSN,Commercial Harvest,Gill Net,< 6 in,1986,437,0,0.002,0.018,0.002,0.235,0.002,0.002,0.354,0,0,0.354,0.004,0.025,0.002,0,0,1,,,Tobias and Willette 2010,58
Kenai,Kenai.Late,,Escapement,Gill Net,7.5 in,1986,1650,0,0,0,0,0.1214,0,0,0.4378,0,0,0.3965,0,0.0443,0,0,0,1,,,J. Perschbacher; ADFG-SF; pers. comm. 1-12-18,
Kenai,Kenai.Late,,Escapement,Gill Net,7.5 in,1987,962,0,0,0.0042,0,0.0187,0,0,0.2786,0,0,0.6881,0,0.0104,0,0,0,1,,,J. Perschbacher; ADFG-SF; pers. comm. 1-12-18,
Kenai,Kenai.Late,,Escapement,Gill Net,7.5 in,1988,942,0,0,0,0,0.0128,0,0,0.0384,0,0,0.7769,0,0.1718,0,0,0,1,,,J. Perschbacher; ADFG-SF; pers. comm. 1-12-18,
Kenai,Kenai.Late,,Escapement,Gill Net,7.5 in,1989,664,0,0,0.0049,0,0.1029,0,0,0.1225,0,0,0.6487,0,0.1209,0,0,0,1,,,J. Perschbacher; ADFG-SF; pers. comm. 1-12-18,
Kenai,Kenai.Late,,Escapement,Gill Net,7.5 in,1990,528,0,0,0,0,0.1229,0,0,0.1456,0,0,0.6862,0,0.0454,0,0,0,1,,,J. Perschbacher; ADFG-SF; pers. comm. 1-12-18,
Kenai,Kenai.Late,,Escapement,Gill Net,7.5 in,1991,363,0,0,0.0062,0,0.0745,0,0,0.1584,0,0,0.6957,0,0.0652,0,0,0,1,,,J. Perschbacher; ADFG-SF; pers. comm. 1-12-18,
Kenai,Kenai.Late,,Escapement,Gill Net,7.5 in,1992,341,0,0,0,0,0.0674,0,0,0.1584,0,0,0.7507,0,0.0235,0,0,0,1,,,J. Perschbacher; ADFG-SF; pers. comm. 1-12-18,
Kenai,Kenai.Late,,Escapement,Gill Net,7.5 in,1993,350,0,0,0.0057,0,0.08,0,0,0.14,0,0,0.7171,0,0.0571,0,0,0,1,,,J. Perschbacher; ADFG-SF; pers. comm. 1-12-18,
Kenai,Kenai.Late,,Escapement,Gill Net,7.5 in,1994,414,0,0,0.0072,0,0.0556,0,0,0.1135,0,0,0.7826,0,0.0411,0,0,0,1,,,J. Perschbacher; ADFG-SF; pers. comm. 1-12-18,
Kenai,Kenai.Late,,Escapement,Gill Net,7.5 in,1995,207,0,0,0.0049,0,0.2233,0,0,0.2136,0,0,0.5049,0,0.0534,0,0,0,1,,,J. Perschbacher; ADFG-SF; pers. comm. 1-12-18,
Kenai,Kenai.Late,,Escapement,Gill Net,7.5 in,1996,470,0,0,0.0021,0,0.0768,0,0,0.339,0,0,0.5736,0,0.0085,0,0,0,1,,,J. Perschbacher; ADFG-SF; pers. comm. 1-12-18,
Kenai,Kenai.Late,,Escapement,Gill Net,7.5 in,1997,289,0,0,0.0035,0,0.0415,0,0,0.218,0,0,0.7197,0,0.0173,0,0,0,1,,,J. Perschbacher; ADFG-SF; pers. comm. 1-12-18,
Kenai,Kenai.Late,,Escapement,Gill Net,7.5 in,1998,374,0,0,0,0,0.1491,0,0,0.1404,0,0,0.6784,0,0.0322,0,0,0,1,,,J. Perschbacher; ADFG-SF; pers. comm. 1-12-18,
Kenai,Kenai.Late,,Escapement,Gill Net,7.5 in,1999,386,0,0,0.0078,0,0.1244,0,0,0.2124,0,0,0.6088,0,0.0466,0,0,0,1,,,J. Perschbacher; ADFG-SF; pers. comm. 1-12-18,
Kenai,Kenai.Late,,Escapement,Gill Net,7.5 in,2000,383,0,0,0,0,0.0392,0,0,0.3133,0,0,0.6214,0,0.0261,0,0,0,1,,,J. Perschbacher; ADFG-SF; pers. comm. 1-12-18,
Kenai,Kenai.Late,,Escapement,Gill Net,7.5 in,2001,256,0,0,0,0,0.1202,0,0,0.1906,0,0,0.662,0,0.0272,0,0,0,1,,,J. Perschbacher; ADFG-SF; pers. comm. 1-12-18,
Kenai,Kenai.Late,,Escapement,Gill Net,7.5 in,2002,564,0,0,0.0203,0,0.1709,0,0,0.1872,0,0,0.589,0,0.0325,0,0,0,1,,,J. Perschbacher; ADFG-SF; pers. comm. 1-12-18,
Kenai,Kenai.Late,,Escapement,Gill Net,7.5 in,2003,659,0,0,0.003,0,0.2411,0,0,0.231,0,0,0.5173,0,0.0076,0,0,0,1,,,J. Perschbacher; ADFG-SF; pers. comm. 1-12-18,
Kenai,Kenai.Late,,Escapement,Gill Net,7.5 in,2004,600,0,0,0.0018,0,0.1435,0,0,0.2638,0,0,0.5789,0,0.0119,0,0,0,1,,,J. Perschbacher; ADFG-SF; pers. comm. 1-12-18,
Kenai,Kenai.Late,,Escapement,Gill Net,7.5 in,2005,302,0,0,0,0,0.0439,0,0,0.2229,0,0,0.707,0,0.0262,0,0,0,1,,,J. Perschbacher; ADFG-SF; pers. comm. 1-12-18,
Kenai,Kenai.Late,,Escapement,Gill Net,7.5 in,2006,409,0,0,0.0031,0,0.2364,0,0,0.1563,0,0,0.5253,0,0.0789,0,0,0,1,,,J. Perschbacher; ADFG-SF; pers. comm. 1-12-18,
Kenai,Kenai.Late,,Escapement,Gill Net,7.5 in,2007,288,0,0,0,0,0.1715,0,0,0.2752,0,0,0.443,0,0.1061,0,0,0,1,,,J. Perschbacher; ADFG-SF; pers. comm. 1-12-18,
Kenai,Kenai.Late,,Escapement,Gill Net,7.5 in,2008,279,0,0,0.0036,0,0.0717,0,0,0.2115,0,0,0.6487,0,0.0645,0,0,0,1,,,J. Perschbacher; ADFG-SF; pers. comm. 1-12-18,
Kenai,Kenai.Late,,Escapement,Gill Net,7.5 in,2009,193,0,0,0,0,0.2435,0,0,0.1244,0,0,0.5751,0,0.057,0,0,0,1,,,J. Perschbacher; ADFG-SF; pers. comm. 1-12-18,
Kenai,Kenai.Late,,Escapement,Gill Net,7.5 in,2010,137,0,0,0.0073,0,0.2117,0,0,0.365,0,0,0.3504,0,0.0657,0,0,0,1,,,J. Perschbacher; ADFG-SF; pers. comm. 1-12-18,
Kenai,Kenai.Late,,Escapement,Gill Net,7.5 in,2011,174,0,0,0,0,0.2701,0,0,0.2414,0,0,0.4655,0,0.023,0,0,0,1,,,J. Perschbacher; ADFG-SF; pers. comm. 1-12-18,
Kenai,Kenai.Late,,Escapement,Gill Net,7.5 in,2012,140,0,0,0.0071,0,0.0857,0,0,0.4357,0,0,0.45,0,0.0214,0,0,0,1,,,J. Perschbacher; ADFG-SF; pers. comm. 1-12-18,
Kenai,Kenai.Late,,Escapement,Gill Net,7.5 in,2013,101,0,0,0,0,0.2574,0,0,0.2376,0,0,0.4554,0,0.0495,0,0,0,1,,,J. Perschbacher; ADFG-SF; pers. comm. 1-12-18,
Kenai,Kenai.Late,,Escapement,Gill Net,7.5 in,2014,138,0,0,0,0,0.1957,0,0,0.442,0,0,0.3478,0,0.0145,0,0,0,1,,The 2014 and 2015 samples were collected by drifting gillnets midriver and nearshore; whereas during other years; samples were only collected midriver,J. Perschbacher; ADFG-SF; pers. comm. 1-12-18,
Kenai,Kenai.Late,,Escapement,Gill Net,7.5 in,2015,114,0,0,0,0,0.2719,0,0,0.3772,0,0,0.3246,0,0.0263,0,0,0,1,,The 2014 and 2015 samples were collected by drifting gillnets midriver and nearshore; whereas during other years; samples were only collected midriver,J. Perschbacher; ADFG-SF; pers. comm. 1-12-18,
Kenai,Kenai.Late,,Escapement,Gill Net,5 and 7.5 in,2002,945,0,0,0.020325621,0,0.170949619,0,0,0.187203602,0,0,0.589044816,0,0.032476342,0,0,0,1,,,J. Perschbacher; ADFG-SF; pers. comm. 1-12-18,
Kenai,Kenai.Late,,Escapement,Gill Net,5 and 7.5 in,2003,1114,0,0,0.012,0,0.295,0,0,0.199,0,0,0.489,0,0.005,0,0,0,1,,,J. Perschbacher; ADFG-SF; pers. comm. 1-12-18,
Kenai,Kenai.Late,,Escapement,Gill Net,5 and 7.5 in,2004,933,0,0,0.012,0,0.14,0,0,0.246,0,0,0.589,0,0.013,0,0,0,1,,,J. Perschbacher; ADFG-SF; pers. comm. 1-12-18,
Kenai,Kenai.Late,,Escapement,Gill Net,5 and 7.5 in,2005,519,0,0,0,0,0.069,0,0,0.185,0,0,0.705,0,0.042,0,0,0,1.001,,,J. Perschbacher; ADFG-SF; pers. comm. 1-12-18,
Kenai,Kenai.Late,,Escapement,Gill Net,5 and 7.5 in,2006,703,0,0,0.01292841,0,0.275405388,0,0,0.145698271,0,0,0.495913202,0,0.070054729,0,0,0,1,,,J. Perschbacher; ADFG-SF; pers. comm. 1-12-18,
Kenai,Kenai.Late,,Escapement,Gill Net,5 and 7.5 in,2007,437,0,0,0.004378799,0,0.204071658,0,0,0.273543864,0,0,0.4303316,0,0.087674079,0,0,0,1,,,J. Perschbacher; ADFG-SF; pers. comm. 1-12-18,
Kenai,Kenai.Late,,Escapement,Gill Net,5 and 7.5 in,2008,496,0,0,0.020217067,0,0.075442321,0,0,0.205975273,0,0,0.620697326,0,0.077668014,0,0,0,1,,,J. Perschbacher; ADFG-SF; pers. comm. 1-12-18,
Kenai,Kenai.Late,,Escapement,Gill Net,5 and 7.5 in,2009,338,0,0,0.003375457,0,0.29453017,0,0,0.112428578,0,0,0.547573605,0,0.042092191,0,0,0,1,,,J. Perschbacher; ADFG-SF; pers. comm. 1-12-18,
Kenai,Kenai.Late,,Escapement,Gill Net,5 and 7.5 in,2010,221,0,0,0.039531618,0,0.200625937,0,0,0.340405788,0,0,0.357468168,0,0.061968489,0,0,0,1,,,J. Perschbacher; ADFG-SF; pers. comm. 1-12-18,
Kenai,Kenai.Late,,Escapement,Gill Net,5 and 7.5 in,2011,327,0,0,0.024054983,0,0.298969072,0,0,0.192439863,0,0,0.463917526,0,0.020618557,0,0,0,1,,,J. Perschbacher; ADFG-SF; pers. comm. 1-12-18,
Kenai,Kenai.Late,,Escapement,Gill Net,5 and 7.5 in,2012,232,0,0,0.017241379,0,0.099137931,0,0,0.400862069,0,0,0.443965517,0,0.038793103,0,0,0,1,,,J. Perschbacher; ADFG-SF; pers. comm. 1-12-18,
Kenai,Kenai.Late,,Escapement,Gill Net,5 and 7.5 in,2013,149,0,0,0.073170732,0,0.195121951,0,0,0.268292683,0,0,0.43902439,0,0.024390244,0,0,0,1,,,J. Perschbacher; ADFG-SF; pers. comm. 1-12-18,
Kenai,Kenai.Late,,Escapement,Gill Net,5 and 7.5 in,2014,283,0,0,0.025,0,0.205,0,0,0.356,0,0,0.393,0,0.021,0,0,0,1,,The 2014 and 2015 samples were collected by drifting gillnets midriver and nearshore; whereas during other years; samples were only collected midriver,J. Perschbacher; ADFG-SF; pers. comm. 1-12-18,
Kenai,Kenai.Late,,Escapement,Gill Net,5 and 7.5 in,2015,238,0,0,0.033,0,0.282,0,0,0.381,0,0,0.287,0,0.017,0,0,0,1,,The 2014 and 2015 samples were collected by drifting gillnets midriver and nearshore; whereas during other years; samples were only collected midriver,J. Perschbacher; ADFG-SF; pers. comm. 1-12-18,
Kenai,Kenai.Late,,Escapement,Gill Net,5 in,2002,381,0,0,0.0203,0,0.1709,0,0,0.1872,0,0,0.589,0,0.0325,0,0,0,1,,,J. Perschbacher; ADFG-SF; pers. comm. 1-12-18,
Kenai,Kenai.Late,,Escapement,Gill Net,5 in,2003,455,0,0,0.0251,0,0.3731,0,0,0.1526,0,0,0.4481,0,0.0012,0,0,0,1,,,J. Perschbacher; ADFG-SF; pers. comm. 1-12-18,
Kenai,Kenai.Late,,Escapement,Gill Net,5 in,2004,333,0,0,0.0304,0,0.1336,0,0,0.2138,0,0,0.6071,0,0.015,0,0,0,1,,,J. Perschbacher; ADFG-SF; pers. comm. 1-12-18,
Kenai,Kenai.Late,,Escapement,Gill Net,5 in,2005,218,0,0,0,0,0.1037,0,0,0.1319,0,0,0.7006,0,0.0639,0,0,0,1,,,J. Perschbacher; ADFG-SF; pers. comm. 1-12-18,
Kenai,Kenai.Late,,Escapement,Gill Net,5 in,2006,294,0,0,0.0266,0,0.3296,0,0,0.131,0,0,0.455,0,0.0578,0,0,0,1,,,J. Perschbacher; ADFG-SF; pers. comm. 1-12-18,
Kenai,Kenai.Late,,Escapement,Gill Net,5 in,2007,150,0,0,0.0127,0,0.2648,0,0,0.2682,0,0,0.4026,0,0.0516,0,0,0,1,,,J. Perschbacher; ADFG-SF; pers. comm. 1-12-18,
Kenai,Kenai.Late,,Escapement,Gill Net,5 in,2008,217,0,0,0.0416,0,0.0803,0,0,0.1989,0,0,0.5846,0,0.0946,0,0,0,1,,,J. Perschbacher; ADFG-SF; pers. comm. 1-12-18,
Kenai,Kenai.Late,,Escapement,Gill Net,5 in,2009,145,0,0,0.0079,0,0.3624,0,0,0.0966,0,0,0.5109,0,0.0223,0,0,0,1,,,J. Perschbacher; ADFG-SF; pers. comm. 1-12-18,
Kenai,Kenai.Late,,Escapement,Gill Net,5 in,2010,84,0,0,0.0921,0,0.1826,0,0,0.3004,0,0,0.3691,0,0.0559,0,0,0,1,,,J. Perschbacher; ADFG-SF; pers. comm. 1-12-18,
Kenai,Kenai.Late,,Escapement,Gill Net,5 in,2011,153,0,0,0.0514,0,0.3318,0,0,0.1368,0,0,0.4621,0,0.0179,0,0,0,1,,,J. Perschbacher; ADFG-SF; pers. comm. 1-12-18,
Kenai,Kenai.Late,,Escapement,Gill Net,5 in,2012,92,0,0,0.0326,0,0.1196,0,0,0.3478,0,0,0.4348,0,0.0652,0,0,0,1,,,J. Perschbacher; ADFG-SF; pers. comm. 1-12-18,
Kenai,Kenai.Late,,Escapement,Gill Net,5 in,2013,49,0,0,0.2208,0,0.0623,0,0,0.3236,0,0,0.3933,0,0,0,0,0,1,,,J. Perschbacher; ADFG-SF; pers. comm. 1-12-18,
Kenai,Kenai.Late,,Escapement,Gill Net,5 in,2014,145,0,0,0.0488,0,0.2139,0,0,0.2741,0,0,0.436,0,0.0272,0,0,0,1,,The 2014 and 2015 samples were collected by drifting gillnets midriver and nearshore; whereas during other years; samples were only collected midriver,J. Perschbacher; ADFG-SF; pers. comm. 1-12-18,
Kenai,Kenai.Late,,Escapement,Gill Net,5 in,2015,124,0,0,0.0633,0,0.2913,0,0,0.3845,0,0,0.2525,0,0.0084,0,0,0,1,,The 2014 and 2015 samples were collected by drifting gillnets midriver and nearshore; whereas during other years; samples were only collected midriver,J. Perschbacher; ADFG-SF; pers. comm. 1-12-18,
Kenai,Kenai.Late,,Commercial + Sport Harvest,Model Estimate,,1986,NA,0,0,0.01,0,0.23,0,0,0.37,0,0,0.34,0,0.03,0,0,0,0.98,Y,Estimated age composition of harvest below RM 9 (mostly commercial harvest; plus some sport; personal-use; and subsistence harvest),Fleischman and McKinley 2013,27
Kenai,Kenai.Late,,Commercial + Sport Harvest,Model Estimate,,1987,NA,0,0,0.02,0,0.13,0,0,0.33,0,0,0.51,0,0.01,0,0,0,1,Y,Estimated age composition of harvest below RM 9 (mostly commercial harvest; plus some sport; personal-use; and subsistence harvest),Fleischman and McKinley 2013,27
Kenai,Kenai.Late,,Commercial + Sport Harvest,Model Estimate,,1988,NA,0,0,0.03,0,0.11,0,0,0.15,0,0,0.69,0,0.03,0,0,0,1.01,Y,Estimated age composition of harvest below RM 9 (mostly commercial harvest; plus some sport; personal-use; and subsistence harvest),Fleischman and McKinley 2013,27
Kenai,Kenai.Late,,Commercial + Sport Harvest,Model Estimate,,1989,NA,0,0,0.01,0,0.15,0,0,0.21,0,0,0.53,0,0.09,0,0,0,0.99,Y,Estimated age composition of harvest below RM 9 (mostly commercial harvest; plus some sport; personal-use; and subsistence harvest),Fleischman and McKinley 2013,27
Kenai,Kenai.Late,,Commercial + Sport Harvest,Model Estimate,,1990,NA,0,0,0.01,0,0.3,0,0,0.3,0,0,0.34,0,0.05,0,0,0,1,Y,Estimated age composition of harvest below RM 9 (mostly commercial harvest; plus some sport; personal-use; and subsistence harvest),Fleischman and McKinley 2013,27
Kenai,Kenai.Late,,Commercial + Sport Harvest,Model Estimate,,1991,NA,0,0,0.01,0,0.25,0,0,0.33,0,0,0.39,0,0.02,0,0,0,1,Y,Estimated age composition of harvest below RM 9 (mostly commercial harvest; plus some sport; personal-use; and subsistence harvest),Fleischman and McKinley 2013,27
Kenai,Kenai.Late,,Commercial + Sport Harvest,Model Estimate,,1992,NA,0,0,0.02,0,0.15,0,0,0.28,0,0,0.5,0,0.04,0,0,0,0.99,Y,Estimated age composition of harvest below RM 9 (mostly commercial harvest; plus some sport; personal-use; and subsistence harvest),Fleischman and McKinley 2013,27
Kenai,Kenai.Late,,Commercial + Sport Harvest,Model Estimate,,1993,NA,0,0,0.03,0,0.13,0,0,0.21,0,0,0.59,0,0.04,0,0,0,1,Y,Estimated age composition of harvest below RM 9 (mostly commercial harvest; plus some sport; personal-use; and subsistence harvest),Fleischman and McKinley 2013,27
Kenai,Kenai.Late,,Commercial + Sport Harvest,Model Estimate,,1994,NA,0,0,0.04,0,0.13,0,0,0.15,0,0,0.6,0,0.07,0,0,0,0.99,Y,Estimated age composition of harvest below RM 9 (mostly commercial harvest; plus some sport; personal-use; and subsistence harvest),Fleischman and McKinley 2013,27
Kenai,Kenai.Late,,Commercial + Sport Harvest,Model Estimate,,1995,NA,0,0,0.03,0,0.24,0,0,0.31,0,0,0.35,0,0.06,0,0,0,0.99,Y,Estimated age composition of harvest below RM 9 (mostly commercial harvest; plus some sport; personal-use; and subsistence harvest),Fleischman and McKinley 2013,27
Kenai,Kenai.Late,,Commercial + Sport Harvest,Model Estimate,,1996,NA,0,0,0.04,0,0.19,0,0,0.34,0,0,0.4,0,0.02,0,0,0,0.99,Y,Estimated age composition of harvest below RM 9 (mostly commercial harvest; plus some sport; personal-use; and subsistence harvest),Fleischman and McKinley 2013,27
Kenai,Kenai.Late,,Commercial + Sport Harvest,Model Estimate,,1997,NA,0,0,0.08,0,0.15,0,0,0.3,0,0,0.45,0,0.02,0,0,0,1,Y,Estimated age composition of harvest below RM 9 (mostly commercial harvest; plus some sport; personal-use; and subsistence harvest),Fleischman and McKinley 2013,27
Kenai,Kenai.Late,,Commercial + Sport Harvest,Model Estimate,,1998,NA,0,0,0.12,0,0.24,0,0,0.23,0,0,0.39,0,0.02,0,0,0,1,Y,Estimated age composition of harvest below RM 9 (mostly commercial harvest; plus some sport; personal-use; and subsistence harvest),Fleischman and McKinley 2013,27
Kenai,Kenai.Late,,Commercial + Sport Harvest,Model Estimate,,1999,NA,0,0,0.02,0,0.26,0,0,0.25,0,0,0.44,0,0.03,0,0,0,1,Y,Estimated age composition of harvest below RM 9 (mostly commercial harvest; plus some sport; personal-use; and subsistence harvest),Fleischman and McKinley 2013,27
Kenai,Kenai.Late,,Commercial + Sport Harvest,Model Estimate,,2000,NA,0,0,0.09,0,0.13,0,0,0.39,0,0,0.38,0,0.01,0,0,0,1,Y,Estimated age composition of harvest below RM 9 (mostly commercial harvest; plus some sport; personal-use; and subsistence harvest),Fleischman and McKinley 2013,27
Kenai,Kenai.Late,,Commercial + Sport Harvest,Model Estimate,,2001,NA,0,0,0.12,0,0.4,0,0,0.15,0,0,0.32,0,0.01,0,0,0,1,Y,Estimated age composition of harvest below RM 9 (mostly commercial harvest; plus some sport; personal-use; and subsistence harvest),Fleischman and McKinley 2013,27
Kenai,Kenai.Late,,Commercial + Sport Harvest,Model Estimate,,2002,NA,0,0,0.13,0,0.3,0,0,0.36,0,0,0.2,0,0.01,0,0,0,1,Y,Estimated age composition of harvest below RM 9 (mostly commercial harvest; plus some sport; personal-use; and subsistence harvest),Fleischman and McKinley 2013,27
Kenai,Kenai.Late,,Commercial + Sport Harvest,Model Estimate,,2003,NA,0,0,0.04,0,0.52,0,0,0.24,0,0,0.19,0,0.02,0,0,0,1.01,Y,Estimated age composition of harvest below RM 9 (mostly commercial harvest; plus some sport; personal-use; and subsistence harvest),Fleischman and McKinley 2013,27
Kenai,Kenai.Late,,Commercial + Sport Harvest,Model Estimate,,2004,NA,0,0,0.06,0,0.24,0,0,0.43,0,0,0.26,0,0.01,0,0,0,1,Y,Estimated age composition of harvest below RM 9 (mostly commercial harvest; plus some sport; personal-use; and subsistence harvest),Fleischman and McKinley 2013,27
Kenai,Kenai.Late,,Commercial + Sport Harvest,Model Estimate,,2005,NA,0,0,0.03,0,0.27,0,0,0.21,0,0,0.48,0,0.02,0,0,0,1.01,Y,Estimated age composition of harvest below RM 9 (mostly commercial harvest; plus some sport; personal-use; and subsistence harvest),Fleischman and McKinley 2013,27
Kenai,Kenai.Late,,Commercial + Sport Harvest,Model Estimate,,2006,NA,0,0,0.13,0,0.35,0,0,0.22,0,0,0.27,0,0.03,0,0,0,1,Y,Estimated age composition of harvest below RM 9 (mostly commercial harvest; plus some sport; personal-use; and subsistence harvest),Fleischman and McKinley 2013,27
Kenai,Kenai.Late,,Commercial + Sport Harvest,Model Estimate,,2007,NA,0,0,0.05,0,0.43,0,0,0.23,0,0,0.29,0,0.01,0,0,0,1.01,Y,Estimated age composition of harvest below RM 9 (mostly commercial harvest; plus some sport; personal-use; and subsistence harvest),Fleischman and McKinley 2013,27
Kenai,Kenai.Late,,Commercial + Sport Harvest,Model Estimate,,2008,NA,0,0,0.1,0,0.2,0,0,0.28,0,0,0.41,0,0.02,0,0,0,1.01,Y,Estimated age composition of harvest below RM 9 (mostly commercial harvest; plus some sport; personal-use; and subsistence harvest),Fleischman and McKinley 2013,27
Kenai,Kenai.Late,,Commercial + Sport Harvest,Model Estimate,,2009,NA,0,0,0.14,0,0.51,0,0,0.12,0,0,0.22,0,0.01,0,0,0,1,Y,Estimated age composition of harvest below RM 9 (mostly commercial harvest; plus some sport; personal-use; and subsistence harvest),Fleischman and McKinley 2013,27
Kenai,Kenai.Late,,Commercial + Sport Harvest,Model Estimate,,2010,NA,0,0,0.2,0,0.26,0,0,0.34,0,0,0.19,0,0.01,0,0,0,1,Y,Estimated age composition of harvest below RM 9 (mostly commercial harvest; plus some sport; personal-use; and subsistence harvest),Fleischman and McKinley 2013,27
Kenai,Kenai.Late,,Commercial + Sport Harvest,Model Estimate,,2011,NA,0,0,0.05,0,0.34,0,0,0.25,0,0,0.35,0,0.01,0,0,0,1,Y,Estimated age composition of harvest below RM 9 (mostly commercial harvest; plus some sport; personal-use; and subsistence harvest),Fleischman and McKinley 2013,27
Kenai,Kenai.Late,,Commercial + Sport Harvest,Model Estimate,,2012,NA,0,0,0.1,0,0.18,0,0,0.37,0,0,0.36,0,0,0,0,0,1.01,Y,Estimated age composition of harvest below RM 9 (mostly commercial harvest; plus some sport; personal-use; and subsistence harvest),Fleischman and McKinley 2013,27
Kenai,Kenai.Late,,Escapement,Model Estimate,,1986,NA,0,0,0,0,0.12,0,0,0.44,0,0,0.4,0,0.04,0,0,0,1,Y,Estimated age composition of nriver run at RM 9 (some sport harvest occurs above this point),Fleischman and McKinley 2013,27
Kenai,Kenai.Late,,Escapement,Model Estimate,,1987,NA,0,0,0,0,0.02,0,0,0.28,0,0,0.69,0,0.01,0,0,0,1,Y,Estimated age composition of nriver run at RM 9 (some sport harvest occurs above this point),Fleischman and McKinley 2013,27
Kenai,Kenai.Late,,Escapement,Model Estimate,,1988,NA,0,0,0,0,0.01,0,0,0.04,0,0,0.78,0,0.17,0,0,0,1,Y,Estimated age composition of nriver run at RM 9 (some sport harvest occurs above this point),Fleischman and McKinley 2013,27
Kenai,Kenai.Late,,Escapement,Model Estimate,,1989,NA,0,0,0,0,0.1,0,0,0.12,0,0,0.65,0,0.12,0,0,0,0.99,Y,Estimated age composition of nriver run at RM 9 (some sport harvest occurs above this point),Fleischman and McKinley 2013,27
Kenai,Kenai.Late,,Escapement,Model Estimate,,1990,NA,0,0,0,0,0.12,0,0,0.15,0,0,0.69,0,0.05,0,0,0,1.01,Y,Estimated age composition of nriver run at RM 9 (some sport harvest occurs above this point),Fleischman and McKinley 2013,27
Kenai,Kenai.Late,,Escapement,Model Estimate,,1991,NA,0,0,0,0,0.07,0,0,0.16,0,0,0.7,0,0.07,0,0,0,1,Y,Estimated age composition of nriver run at RM 9 (some sport harvest occurs above this point),Fleischman and McKinley 2013,27
Kenai,Kenai.Late,,Escapement,Model Estimate,,1992,NA,0,0,0,0,0.07,0,0,0.16,0,0,0.75,0,0.02,0,0,0,1,Y,Estimated age composition of nriver run at RM 9 (some sport harvest occurs above this point),Fleischman and McKinley 2013,27
Kenai,Kenai.Late,,Escapement,Model Estimate,,1993,NA,0,0,0,0,0.08,0,0,0.14,0,0,0.72,0,0.06,0,0,0,1,Y,Estimated age composition of nriver run at RM 9 (some sport harvest occurs above this point),Fleischman and McKinley 2013,27
Kenai,Kenai.Late,,Escapement,Model Estimate,,1994,NA,0,0,0,0,0.06,0,0,0.11,0,0,0.78,0,0.05,0,0,0,1,Y,Estimated age composition of nriver run at RM 9 (some sport harvest occurs above this point),Fleischman and McKinley 2013,27
Kenai,Kenai.Late,,Escapement,Model Estimate,,1995,NA,0,0,0,0,0.22,0,0,0.21,0,0,0.5,0,0.06,0,0,0,0.99,Y,Estimated age composition of nriver run at RM 9 (some sport harvest occurs above this point),Fleischman and McKinley 2013,27
Kenai,Kenai.Late,,Escapement,Model Estimate,,1996,NA,0,0,0,0,0.08,0,0,0.34,0,0,0.57,0,0.01,0,0,0,1,Y,Estimated age composition of nriver run at RM 9 (some sport harvest occurs above this point),Fleischman and McKinley 2013,27
Kenai,Kenai.Late,,Escapement,Model Estimate,,1997,NA,0,0,0,0,0.04,0,0,0.22,0,0,0.72,0,0.02,0,0,0,1,Y,Estimated age composition of nriver run at RM 9 (some sport harvest occurs above this point),Fleischman and McKinley 2013,27
Kenai,Kenai.Late,,Escapement,Model Estimate,,1998,NA,0,0,0,0,0.15,0,0,0.14,0,0,0.68,0,0.03,0,0,0,1,Y,Estimated age composition of nriver run at RM 9 (some sport harvest occurs above this point),Fleischman and McKinley 2013,27
Kenai,Kenai.Late,,Escapement,Model Estimate,,1999,NA,0,0,0,0,0.12,0,0,0.21,0,0,0.61,0,0.05,0,0,0,0.99,Y,Estimated age composition of nriver run at RM 9 (some sport harvest occurs above this point),Fleischman and McKinley 2013,27
Kenai,Kenai.Late,,Escapement,Model Estimate,,2000,NA,0,0,0,0,0.04,0,0,0.31,0,0,0.62,0,0.03,0,0,0,1,Y,Estimated age composition of nriver run at RM 9 (some sport harvest occurs above this point),Fleischman and McKinley 2013,27
Kenai,Kenai.Late,,Escapement,Model Estimate,,2001,NA,0,0,0,0,0.12,0,0,0.19,0,0,0.66,0,0.03,0,0,0,1,Y,Estimated age composition of nriver run at RM 9 (some sport harvest occurs above this point),Fleischman and McKinley 2013,27
Kenai,Kenai.Late,,Escapement,Model Estimate,,2002,NA,0,0,0.02,0,0.18,0,0,0.19,0,0,0.58,0,0.03,0,0,0,1,Y,Estimated age composition of nriver run at RM 9 (some sport harvest occurs above this point),Fleischman and McKinley 2013,27
Kenai,Kenai.Late,,Escapement,Model Estimate,,2003,NA,0,0,0.01,0,0.3,0,0,0.2,0,0,0.49,0,0,0,0,0,1,Y,Estimated age composition of nriver run at RM 9 (some sport harvest occurs above this point),Fleischman and McKinley 2013,27
Kenai,Kenai.Late,,Escapement,Model Estimate,,2004,NA,0,0,0.01,0,0.14,0,0,0.25,0,0,0.59,0,0.01,0,0,0,1,Y,Estimated age composition of nriver run at RM 9 (some sport harvest occurs above this point),Fleischman and McKinley 2013,27
Kenai,Kenai.Late,,Escapement,Model Estimate,,2005,NA,0,0,0,0,0.07,0,0,0.18,0,0,0.7,0,0.04,0,0,0,0.99,Y,Estimated age composition of nriver run at RM 9 (some sport harvest occurs above this point),Fleischman and McKinley 2013,27
Kenai,Kenai.Late,,Escapement,Model Estimate,,2006,NA,0,0,0.01,0,0.27,0,0,0.13,0,0,0.49,0,0.1,0,0,0,1,Y,Estimated age composition of nriver run at RM 9 (some sport harvest occurs above this point),Fleischman and McKinley 2013,27
Kenai,Kenai.Late,,Escapement,Model Estimate,,2007,NA,0,0,0,0,0.2,0,0,0.29,0,0,0.42,0,0.09,0,0,0,1,Y,Estimated age composition of nriver run at RM 9 (some sport harvest occurs above this point),Fleischman and McKinley 2013,27
Kenai,Kenai.Late,,Escapement,Model Estimate,,2008,NA,0,0,0.02,0,0.07,0,0,0.2,0,0,0.63,0,0.08,0,0,0,1,Y,Estimated age composition of nriver run at RM 9 (some sport harvest occurs above this point),Fleischman and McKinley 2013,27
Kenai,Kenai.Late,,Escapement,Model Estimate,,2009,NA,0,0,0,0,0.29,0,0,0.11,0,0,0.55,0,0.04,0,0,0,0.99,Y,Estimated age composition of nriver run at RM 9 (some sport harvest occurs above this point),Fleischman and McKinley 2013,27
Kenai,Kenai.Late,,Escapement,Model Estimate,,2010,NA,0,0,0.04,0,0.2,0,0,0.34,0,0,0.36,0,0.06,0,0,0,1,Y,Estimated age composition of nriver run at RM 9 (some sport harvest occurs above this point),Fleischman and McKinley 2013,27
Kenai,Kenai.Late,,Escapement,Model Estimate,,2011,NA,0,0,0.02,0,0.3,0,0,0.19,0,0,0.46,0,0.02,0,0,0,0.99,Y,Estimated age composition of nriver run at RM 9 (some sport harvest occurs above this point),Fleischman and McKinley 2013,27
Kenai,Kenai.Late,,Escapement,Model Estimate,,2012,NA,0,0,0.02,0,0.1,0,0,0.4,0,0,0.44,0,0.04,0,0,0,1,Y,Estimated age composition of nriver run at RM 9 (some sport harvest occurs above this point),Fleischman and McKinley 2013,27
Kenai,Kenai.Late,,Sport Harvest,Angling,,1986,524,0,0,0.0041,0,0.1014,0,0,0.3895,0,0,0.4523,0,0.0527,0,0,0,1,,,J. Perschbacher; ADFG-SF; pers. comm. 1-12-18,
Kenai,Kenai.Late,,Sport Harvest,Angling,,1987,438,0,0,0.0041,0,0.0104,0,0,0.2277,0,0,0.7267,0,0.0311,0,0,0,1,,,J. Perschbacher; ADFG-SF; pers. comm. 1-12-18,
Kenai,Kenai.Late,,Sport Harvest,Angling,,1988,426,0,0,0.0072,0,0.0024,0,0,0.0337,0,0,0.7861,0,0.1707,0,0,0,1,,,J. Perschbacher; ADFG-SF; pers. comm. 1-12-18,
Kenai,Kenai.Late,,Sport Harvest,Angling,,1989,104,0,0,0.0099,0,0.0099,0,0,0.1089,0,0,0.7129,0,0.1584,0,0,0,1,,,J. Perschbacher; ADFG-SF; pers. comm. 1-12-18,
Kenai,Kenai.Late,,Sport Harvest,Angling,,1990,341,0,0,0.0059,0,0.0968,0,0,0.1584,0,0,0.6217,0,0.1173,0,0,0,1,,,J. Perschbacher; ADFG-SF; pers. comm. 1-12-18,
Kenai,Kenai.Late,,Sport Harvest,Angling,,1991,472,0,0,0.009,0,0.0493,0,0,0.1166,0,0,0.7623,0,0.0628,0,0,0,1,,,J. Perschbacher; ADFG-SF; pers. comm. 1-12-18,
Kenai,Kenai.Late,,Sport Harvest,Angling,,1992,402,0,0,0.005,0,0.0199,0,0,0.1542,0,0,0.7612,0,0.0597,0,0,0,1,,,J. Perschbacher; ADFG-SF; pers. comm. 1-12-18,
Kenai,Kenai.Late,,Sport Harvest,Angling,,1993,689,0,0,0.0102,0,0.0189,0,0,0.0566,0,0,0.8563,0,0.0581,0,0,0,1,,,J. Perschbacher; ADFG-SF; pers. comm. 1-12-18,
Kenai,Kenai.Late,,Sport Harvest,Angling,,1994,434,0,0,0.0046,0,0.0184,0,0,0.0438,0,0,0.9078,0,0.0253,0,0,0,1,,,J. Perschbacher; ADFG-SF; pers. comm. 1-12-18,
Kenai,Kenai.Late,,Sport Harvest,Angling,,1995,435,0,0,0.0069,0,0.0759,0,0,0.0989,0,0,0.7126,0,0.1057,0,0,0,1,,,J. Perschbacher; ADFG-SF; pers. comm. 1-12-18,
Kenai,Kenai.Late,,Sport Harvest,Angling,,1996,235,0,0,0,0,0.0598,0,0,0.3675,0,0,0.5513,0,0.0214,0,0,0,1,,,J. Perschbacher; ADFG-SF; pers. comm. 1-12-18,
Kenai,Kenai.Late,,Sport Harvest,Angling,,1997,317,0,0,0.0095,0,0.0252,0,0,0.2334,0,0,0.7192,0,0.0126,0,0,0,1,,,J. Perschbacher; ADFG-SF; pers. comm. 1-12-18,
Kenai,Kenai.Late,,Sport Harvest,Angling,,1998,331,0,0,0.0151,0,0.1208,0,0,0.1239,0,0,0.71,0,0.0302,0,0,0,1,,,J. Perschbacher; ADFG-SF; pers. comm. 1-12-18,
Kenai,Kenai.Late,,Sport Harvest,Angling,,1999,320,0,0,0.003,0,0.109,0,0,0.275,0,0,0.572,0,0.041,0,0,0,1,,,J. Perschbacher; ADFG-SF; pers. comm. 1-12-18,
Kenai,Kenai.Late,,Sport Harvest,Angling,,2000,483,0,0,0.0199,0,0.0275,0,0,0.3018,0,0,0.6385,0,0.0123,0,0,0,1,,,J. Perschbacher; ADFG-SF; pers. comm. 1-12-18,
Kenai,Kenai.Late,,Sport Harvest,Angling,,2001,388,0,0,0.0192,0,0.1104,0,0,0.1545,0,0,0.6964,0,0.0195,0,0,0,1,,,J. Perschbacher; ADFG-SF; pers. comm. 1-12-18,
Kenai,Kenai.Late,,Sport Harvest,Angling,,2002,275,0,0,0.0249,0,0.0502,0,0,0.2308,0,0,0.6762,0,0.0179,0,0,0,1,,,J. Perschbacher; ADFG-SF; pers. comm. 1-12-18,
Kenai,Kenai.Late,,Sport Harvest,Angling,,2003,311,0,0,0.0152,0,0.1503,0,0,0.185,0,0,0.6402,0,0.0093,0,0,0,1,,,J. Perschbacher; ADFG-SF; pers. comm. 1-12-18,
Kenai,Kenai.Late,,Sport Harvest,Angling,,2004,305,0,0,0.012,0,0.089,0,0,0.275,0,0,0.593,0,0.031,0,0,0,1,,,J. Perschbacher; ADFG-SF; pers. comm. 1-12-18,
Kenai,Kenai.Late,,Sport Harvest,Angling,,2005,429,0,0,0.004,0,0.025,0,0,0.183,0,0,0.761,0,0.027,0,0,0,1,,,J. Perschbacher; ADFG-SF; pers. comm. 1-12-18,
Kenai,Kenai.Late,,Sport Harvest,Angling,,2006,313,0,0,0.0031,0,0.1149,0,0,0.2143,0,0,0.6025,0,0.0652,0,0,0,1,,,J. Perschbacher; ADFG-SF; pers. comm. 1-12-18,
Kenai,Kenai.Late,,Sport Harvest,Angling,,2007,237,0,0,0,0,0.1148,0,0,0.2992,0,0,0.5205,0,0.0656,0,0,0,1,,,J. Perschbacher; ADFG-SF; pers. comm. 1-12-18,
Kenai,Kenai.Late,,Sport Harvest,Angling,,2008,218,0,0,0,0,0.0504,0,0,0.2768,0,0,0.5874,0,0.0854,0,0,0,1,,,J. Perschbacher; ADFG-SF; pers. comm. 1-12-18,
Kenai,Kenai.Late,,Sport Harvest,Angling,,2009,195,0,0,0,0,0.1645,0,0,0.2008,0,0,0.6105,0,0.0242,0,0,0,1,,,J. Perschbacher; ADFG-SF; pers. comm. 1-12-18,
Kenai,Kenai.Late,,Sport Harvest,Angling,,2010,184,0,0,0.0402,0,0.1394,0,0,0.3994,0,0,0.38,0,0.0411,0,0,0,1,,,J. Perschbacher; ADFG-SF; pers. comm. 1-12-18,
Kenai,Kenai.Late,,Sport Harvest,Angling,,2011,233,0,0,0.0129,0,0.1588,0,0,0.2146,0,0,0.5794,0,0.0343,0,0,0,1,,,J. Perschbacher; ADFG-SF; pers. comm. 1-12-18,
Kenai,Kenai.Late,,Sport Harvest,Angling,,2013,50,0,0,0.0201,0,0.2819,0,0,0.2349,0,0,0.4295,0,0.0336,0,0,0,1,,,J. Perschbacher; ADFG-SF; pers. comm. 1-12-18,
Kenai,Kenai.Late,,Sport Harvest,Angling,,2014,30,0,0,0.1,0,0.267,0,0,0.3,0,0,0.333,0,0,0,0,0,1,,,J. Perschbacher; ADFG-SF; pers. comm. 1-12-18,
Kenai,Kenai.Late,,Sport Harvest,Angling,,2015,117,0,0,0.026,0,0.188,0,0,0.47,0,0,0.299,0,0.009,0,0,0,0.99,,,J. Perschbacher; ADFG-SF; pers. comm. 1-12-18,
Kenai,Kenai.Late,,Sport Harvest,Angling,,2016,189,0,0,0.022,0,0.19,0,0,0.508,0,0,0.259,0,0.021,0,0,0,1,,Proportions age 1.1 not reported.  Assumed proportion 1.1 = 1 - (sum other proportions),Perschbacher 2017,14
Lewis,Lewis,,Escapement,Weir,,2012,71,0,0,0.016,0,0.654,0,0,0.241,0,0,0.089,0,0,0,0,0,1,Y,,Logelin et al. 2017,20-22
Ninilchik,Ninilchik.Hatchery,,Escapement,Weir,,1997,180,0,0,0.122,0,0.345,0,0,0.45,0,0,0.083,0,0,0,0,0,1,Y,Age comp. of Natural-origin (non adipose fin-clipped) Chinook only.  Age comp data are also available for hatchery-origin fish,Mike Booz; ADF&G; pers. comm. 3/16/2017 (percent age comp) and 6/19/18 (sample sizes),
Ninilchik,Ninilchik.Hatchery,,Escapement,Weir,,1998,282,0,0,0.078,0,0.298,0,0,0.539,0,0,0.085,0,0,0,0,0,1,Y,Age comp. of Natural-origin (non adipose fin-clipped) Chinook only.  Age comp data are also available for hatchery-origin fish,Mike Booz; ADF&G; pers. comm. 3/16/2017 (percent age comp) and 6/19/18 (sample sizes),
Ninilchik,Ninilchik.Hatchery,,Escapement,Weir,,1999,113,0,0,0.025,0,0.535,0,0,0.338,0,0,0.102,0,0,0,0,0,1,Y,Age comp. of Natural-origin (non adipose fin-clipped) Chinook only.  Age comp data are also available for hatchery-origin fish,Mike Booz; ADF&G; pers. comm. 3/16/2017 (percent age comp) and 6/19/18 (sample sizes),
Ninilchik,Ninilchik.Hatchery,,Escapement,Weir,,2000,151,0,0,0.046,0,0.267,0,0,0.608,0,0,0.079,0,0,0,0,0,1,Y,Age comp. of Natural-origin (non adipose fin-clipped) Chinook only.  Age comp data are also available for hatchery-origin fish,Mike Booz; ADF&G; pers. comm. 3/16/2017 (percent age comp) and 6/19/18 (sample sizes),
Ninilchik,Ninilchik.Hatchery,,Escapement,Weir,,2001,87,0,0,0.081,0,0.414,0,0,0.379,0,0,0.126,0,0,0,0,0,1,Y,Age comp. of Natural-origin (non adipose fin-clipped) Chinook only.  Age comp data are also available for hatchery-origin fish,Mike Booz; ADF&G; pers. comm. 3/16/2017 (percent age comp) and 6/19/18 (sample sizes),
Ninilchik,Ninilchik.Hatchery,,Escapement,Weir,,2002,103,0,0,0.194,0,0.33,0,0,0.466,0,0,0.01,0,0,0,0,0,1,Y,Age comp. of Natural-origin (non adipose fin-clipped) Chinook only.  Age comp data are also available for hatchery-origin fish,Mike Booz; ADF&G; pers. comm. 3/16/2017 (percent age comp) and 6/19/18 (sample sizes),
Ninilchik,Ninilchik.Hatchery,,Escapement,Weir,,2003,72,0,0,0.097,0,0.417,0,0,0.472,0,0,0.014,0,0,0,0,0,1,Y,Age comp. of Natural-origin (non adipose fin-clipped) Chinook only.  Age comp data are also available for hatchery-origin fish,Mike Booz; ADF&G; pers. comm. 3/16/2017 (percent age comp) and 6/19/18 (sample sizes),
Ninilchik,Ninilchik.Hatchery,,Escapement,Weir,,2004,113,0,0,0.018,0,0.319,0,0,0.628,0,0,0.035,0,0,0,0,0,1,Y,Age comp. of Natural-origin (non adipose fin-clipped) Chinook only.  Age comp data are also available for hatchery-origin fish,Mike Booz; ADF&G; pers. comm. 3/16/2017 (percent age comp) and 6/19/18 (sample sizes),
Ninilchik,Ninilchik.Hatchery,,Escapement,Weir,,2005,123,0,0,0.13,0,0.122,0,0,0.675,0,0,0.073,0,0,0,0,0,1,Y,Age comp. of Natural-origin (non adipose fin-clipped) Chinook only.  Age comp data are also available for hatchery-origin fish,Mike Booz; ADF&G; pers. comm. 3/16/2017 (percent age comp) and 6/19/18 (sample sizes),
Ninilchik,Ninilchik.Hatchery,,Escapement,Weir,,2006,67,0,0,0.328,0,0.328,0,0,0.223,0,0,0.121,0,0,0,0,0,1,Y,Age comp. of Natural-origin (non adipose fin-clipped) Chinook only.  Age comp data are also available for hatchery-origin fish,Mike Booz; ADF&G; pers. comm. 3/16/2017 (percent age comp) and 6/19/18 (sample sizes),
Ninilchik,Ninilchik.Hatchery,,Escapement,Weir,,2007,19,0,0,0.263,0,0.316,0,0,0.421,0,0,0,0,0,0,0,0,1,Y,Age comp. of Natural-origin (non adipose fin-clipped) Chinook only.  Age comp data are also available for hatchery-origin fish,Mike Booz; ADF&G; pers. comm. 3/16/2017 (percent age comp) and 6/19/18 (sample sizes),
Ninilchik,Ninilchik.Hatchery,,Escapement,Weir,,2008,55,0,0,0.166,0,0.345,0,0,0.458,0,0,0.031,0,0,0,0,0,1,Y,Age comp. of Natural-origin (non adipose fin-clipped) Chinook only.  Age comp data are also available for hatchery-origin fish,Mike Booz; ADF&G; pers. comm. 3/16/2017 (percent age comp) and 6/19/18 (sample sizes),
Ninilchik,Ninilchik.Hatchery,,Escapement,Weir,,2009,97,0,0,0.584,0,0.196,0,0,0.211,0,0,0.009,0,0,0,0,0,1,Y,Age comp. of Natural-origin (non adipose fin-clipped) Chinook only.  Age comp data are also available for hatchery-origin fish,Mike Booz; ADF&G; pers. comm. 3/16/2017 (percent age comp) and 6/19/18 (sample sizes),
Ninilchik,Ninilchik.Hatchery,,Escapement,Weir,,2010,30,0,0,0.201,0,0.469,0,0,0.297,0,0,0.033,0,0,0,0,0,1,Y,Age comp. of Natural-origin (non adipose fin-clipped) Chinook only.  Age comp data are also available for hatchery-origin fish,Mike Booz; ADF&G; pers. comm. 3/16/2017 (percent age comp) and 6/19/18 (sample sizes),
Ninilchik,Ninilchik.Hatchery,,Escapement,Weir,,2011,45,0,0,0.022,0,0.291,0,0,0.687,0,0,0,0,0,0,0,0,1,Y,Age comp. of Natural-origin (non adipose fin-clipped) Chinook only.  Age comp data are also available for hatchery-origin fish,Mike Booz; ADF&G; pers. comm. 3/16/2017 (percent age comp) and 6/19/18 (sample sizes),
Ninilchik,Ninilchik.Hatchery,,Escapement,Weir,,2012,62,0,0,0.71,0,0.126,0,0,0.164,0,0,0,0,0,0,0,0,1,Y,Age comp. of Natural-origin (non adipose fin-clipped) Chinook only.  Age comp data are also available for hatchery-origin fish,Mike Booz; ADF&G; pers. comm. 3/16/2017 (percent age comp) and 6/19/18 (sample sizes),
Ninilchik,Ninilchik.Hatchery,,Escapement,Weir,,2013,115,0,0,0.728,0,0.217,0,0,0.056,0,0,0,0,0,0,0,0,1,Y,Age comp. of Natural-origin (non adipose fin-clipped) Chinook only.  Age comp data are also available for hatchery-origin fish,Mike Booz; ADF&G; pers. comm. 3/16/2017 (percent age comp) and 6/19/18 (sample sizes),
Ninilchik,Ninilchik.Hatchery,,Escapement,Weir,,2014,1117,0,0,0.815,0,0.152,0,0,0.033,0,0,0,0,0,0,0,0,1,Y,Age comp. of Natural-origin (non adipose fin-clipped) Chinook only.  Age comp data are also available for hatchery-origin fish,Mike Booz; ADF&G; pers. comm. 3/16/2017 (percent age comp) and 6/19/18 (sample sizes),
Ninilchik,Ninilchik.Hatchery,,Escapement,Weir,,2015,691,0,0,0.638,0,0.17,0,0,0.192,0,0,0,0,0,0,0,0,1,Y,Age comp. of Natural-origin (non adipose fin-clipped) Chinook only.  Age comp data are also available for hatchery-origin fish,Mike Booz; ADF&G; pers. comm. 3/16/2017 (percent age comp) and 6/19/18 (sample sizes),
Ninilchik,Ninilchik.Hatchery,,Escapement,Weir,,2016,436,0,0,0.31,0,0.48,0,0,0.21,0,0,0,0,0,0,0,0,1,Y,Age comp. of Natural-origin (non adipose fin-clipped) Chinook only.  Age comp data are also available for hatchery-origin fish,Mike Booz; ADF&G; pers. comm. 3/16/2017 (percent age comp) and 6/19/18 (sample sizes),
Ninilchik,Ninilchik,,Escapement,Weir,,1997,110,0,0,0.009,0,0.091,0,0,0.855,0,0,0.045,0,0,0,0,0,1,Y,Age comp. of Natural-origin (non adipose fin-clipped) Chinook only.  Age comp data are also available for hatchery-origin fish,Mike Booz; ADF&G; pers. comm. 3/16/2017 (percent age comp) and 6/19/18 (sample sizes),
Ninilchik,Ninilchik,,Escapement,Weir,,1998,460,0,0,0.015,0,0.335,0,0,0.361,0,0,0.289,0,0,0,0,0,1,Y,Age comp. of Natural-origin (non adipose fin-clipped) Chinook only.  Age comp data are also available for hatchery-origin fish,Mike Booz; ADF&G; pers. comm. 3/16/2017 (percent age comp) and 6/19/18 (sample sizes),
Ninilchik,Ninilchik,,Escapement,Weir,,1999,225,0,0,0,0,0.364,0,0,0.467,0,0,0.169,0,0,0,0,0,1,Y,Age comp. of Natural-origin (non adipose fin-clipped) Chinook only.  Age comp data are also available for hatchery-origin fish,Mike Booz; ADF&G; pers. comm. 3/16/2017 (percent age comp) and 6/19/18 (sample sizes),
Ninilchik,Ninilchik,,Escapement,Weir,,2000,278,0,0,0.023,0,0.105,0,0,0.593,0,0,0.279,0,0,0,0,0,1,Y,Age comp. of Natural-origin (non adipose fin-clipped) Chinook only.  Age comp data are also available for hatchery-origin fish,Mike Booz; ADF&G; pers. comm. 3/16/2017 (percent age comp) and 6/19/18 (sample sizes),
Ninilchik,Ninilchik,,Escapement,Weir,,2001,217,0,0,0.009,0,0.406,0,0,0.415,0,0,0.17,0,0,0,0,0,1,Y,Age comp. of Natural-origin (non adipose fin-clipped) Chinook only.  Age comp data are also available for hatchery-origin fish,Mike Booz; ADF&G; pers. comm. 3/16/2017 (percent age comp) and 6/19/18 (sample sizes),
Ninilchik,Ninilchik,,Escapement,Weir,,2002,257,0,0,0.03,0,0.391,0,0,0.523,0,0,0.056,0,0,0,0,0,1,Y,Age comp. of Natural-origin (non adipose fin-clipped) Chinook only.  Age comp data are also available for hatchery-origin fish,Mike Booz; ADF&G; pers. comm. 3/16/2017 (percent age comp) and 6/19/18 (sample sizes),
Ninilchik,Ninilchik,,Escapement,Weir,,2003,175,0,0,0.011,0,0.269,0,0,0.6,0,0,0.12,0,0,0,0,0,1,Y,Age comp. of Natural-origin (non adipose fin-clipped) Chinook only.  Age comp data are also available for hatchery-origin fish,Mike Booz; ADF&G; pers. comm. 3/16/2017 (percent age comp) and 6/19/18 (sample sizes),
Ninilchik,Ninilchik,,Escapement,Weir,,2004,167,0,0,0,0,0.21,0,0,0.503,0,0,0.287,0,0,0,0,0,1,Y,Age comp. of Natural-origin (non adipose fin-clipped) Chinook only.  Age comp data are also available for hatchery-origin fish,Mike Booz; ADF&G; pers. comm. 3/16/2017 (percent age comp) and 6/19/18 (sample sizes),
Ninilchik,Ninilchik,,Escapement,Weir,,2005,339,0,0,0.062,0,0.182,0,0,0.682,0,0,0.074,0,0,0,0,0,1,Y,Age comp. of Natural-origin (non adipose fin-clipped) Chinook only.  Age comp data are also available for hatchery-origin fish,Mike Booz; ADF&G; pers. comm. 3/16/2017 (percent age comp) and 6/19/18 (sample sizes),
Ninilchik,Ninilchik,,Escapement,Weir,,2006,140,0,0,0.093,0,0.3,0,0,0.4,0,0,0.207,0,0,0,0,0,1,Y,Age comp. of Natural-origin (non adipose fin-clipped) Chinook only.  Age comp data are also available for hatchery-origin fish,Mike Booz; ADF&G; pers. comm. 3/16/2017 (percent age comp) and 6/19/18 (sample sizes),
Ninilchik,Ninilchik,,Escapement,Weir,,2007,66,0,0,0.061,0,0.242,0,0,0.545,0,0,0.152,0,0,0,0,0,1,Y,Age comp. of Natural-origin (non adipose fin-clipped) Chinook only.  Age comp data are also available for hatchery-origin fish,Mike Booz; ADF&G; pers. comm. 3/16/2017 (percent age comp) and 6/19/18 (sample sizes),
Ninilchik,Ninilchik,,Escapement,Weir,,2008,135,0,0,0.034,0,0.226,0,0,0.629,0,0,0.111,0,0,0,0,0,1,Y,Age comp. of Natural-origin (non adipose fin-clipped) Chinook only.  Age comp data are also available for hatchery-origin fish,Mike Booz; ADF&G; pers. comm. 3/16/2017 (percent age comp) and 6/19/18 (sample sizes),
Ninilchik,Ninilchik,,Escapement,Weir,,2009,58,0,0,0.207,0,0.443,0,0,0.309,0,0,0.041,0,0,0,0,0,1,Y,Age comp. of Natural-origin (non adipose fin-clipped) Chinook only.  Age comp data are also available for hatchery-origin fish,Mike Booz; ADF&G; pers. comm. 3/16/2017 (percent age comp) and 6/19/18 (sample sizes),
Ninilchik,Ninilchik,,Escapement,Weir,,2010,99,0,0,0.042,0,0.522,0,0,0.39,0,0,0.046,0,0,0,0,0,1,Y,Age comp. of Natural-origin (non adipose fin-clipped) Chinook only.  Age comp data are also available for hatchery-origin fish,Mike Booz; ADF&G; pers. comm. 3/16/2017 (percent age comp) and 6/19/18 (sample sizes),
Ninilchik,Ninilchik,,Escapement,Weir,,2011,145,0,0,0,0,0.19,0,0,0.711,0,0,0.099,0,0,0,0,0,1,Y,Age comp. of Natural-origin (non adipose fin-clipped) Chinook only.  Age comp data are also available for hatchery-origin fish,Mike Booz; ADF&G; pers. comm. 3/16/2017 (percent age comp) and 6/19/18 (sample sizes),
Ninilchik,Ninilchik,,Escapement,Weir,,2012,95,0,0,0.244,0,0.279,0,0,0.414,0,0,0.062,0,0,0,0,0,1,Y,Age comp. of Natural-origin (non adipose fin-clipped) Chinook only.  Age comp data are also available for hatchery-origin fish,Mike Booz; ADF&G; pers. comm. 3/16/2017 (percent age comp) and 6/19/18 (sample sizes),
Ninilchik,Ninilchik,,Escapement,Weir,,2013,99,0,0,0.089,0,0.525,0,0,0.366,0,0,0.021,0,0,0,0,0,1,Y,Age comp. of Natural-origin (non adipose fin-clipped) Chinook only.  Age comp data are also available for hatchery-origin fish,Mike Booz; ADF&G; pers. comm. 3/16/2017 (percent age comp) and 6/19/18 (sample sizes),
Ninilchik,Ninilchik,,Escapement,Weir,,2014,989,0,0,0.118,0,0.45,0,0,0.427,0,0,0.006,0,0,0,0,0,1,Y,Age comp. of Natural-origin (non adipose fin-clipped) Chinook only.  Age comp data are also available for hatchery-origin fish,Mike Booz; ADF&G; pers. comm. 3/16/2017 (percent age comp) and 6/19/18 (sample sizes),
Ninilchik,Ninilchik,,Escapement,Weir,,2015,1002,0,0,0.319,0,0.303,0,0,0.344,0,0,0.033,0,0,0,0,0,1,Y,Age comp. of Natural-origin (non adipose fin-clipped) Chinook only.  Age comp data are also available for hatchery-origin fish,Mike Booz; ADF&G; pers. comm. 3/16/2017 (percent age comp) and 6/19/18 (sample sizes),
Ninilchik,Ninilchik,,Escapement,Weir,,2016,705,0,0,0.025,0,0.407,0,0,0.556,0,0,0.012,0,0,0,0,0,1,Y,Age comp. of Natural-origin (non adipose fin-clipped) Chinook only.  Age comp data are also available for hatchery-origin fish,Mike Booz; ADF&G; pers. comm. 3/16/2017 (percent age comp) and 6/19/18 (sample sizes),
Northern District; Eastern Subdistrict,,NSN,Commercial Harvest,Gill Net,< 6 in,1986,206,0,0.01,0,0,0.277,0,0,0.445,0.02,0,0.233,0,0.015,0,0,0,1,,Proportions don't add to 1.0; but these data match the original source (no data entry error),Tobias and Willette 2010,63
Northern District; Eastern Subdistrict,,NSN,Commercial Harvest,Gill Net,< 6 in,1987,238,0,0.0042,0,0,0.1975,0,0.0042,0.4412,0.021,0,0.2773,0.042,0.0084,0.0042,0,0,1,,Proportions don't add to 1.0; but these data match the original source (no data entry error),Tobias and Willette 2010,63
Northern District; Eastern Subdistrict,,NSN,Commercial Harvest,Gill Net,< 6 in,1988,168,0,0,0.0059,0,0.1548,0,0,0.3274,0,0,0.506,0,0,0.0059,0,0,1,,,Tobias and Willette 2010,63
Northern District; Eastern Subdistrict,,NSN,Commercial Harvest,Gill Net,< 6 in,1989,323,0,0,0,0,0.328,0,0,0.337,0,0,0.313,0,0.022,0,0,0,1,,,Tobias and Willette 2010,63
Northern District; Eastern Subdistrict,,NSN,Commercial Harvest,Gill Net,< 6 in,1990,347,0,0,0,0,0.1588,0,0,0.3975,0.0028,0,0.3975,0.0261,0.0117,0.0056,0,0,1,,Proportions don't add to 1.0; but these data match the original source (no data entry error),Tobias and Willette 2010,63
Northern District; Eastern Subdistrict,,NSN,Commercial Harvest,Gill Net,< 6 in,1991,245,0,0,0,0,0.2904,0,0,0.3264,0.0207,0,0.3499,0.0081,0,0.0045,0,0,1,,Proportions don't add to 1.0; but these data match the original source (no data entry error),Tobias and Willette 2010,63
Northern District; General Subdistrict,,NSN,Commercial Harvest,Gill Net,< 6 in,1983,41,0,0,0,0,0.22,0,0,0.415,0,0,0.365,0,0,0,0,0,1,,,Tobias and Willette 2010,64
Northern District; General Subdistrict,,NSN,Commercial Harvest,Gill Net,< 6 in,1985,40,0,0,0.025,0,0.275,0,0,0.35,0.025,0,0.3,0,0.025,0,0,0,1,,Original source had frame shift error for this entire row-- I corrected the data.  Proportions don't add to 1.0; but these data match the original source (with the exeption of the error previously mentioned-- there is no data entry error),Tobias and Willette 2010,64
Northern District; General Subdistrict,,NSN,Commercial Harvest,Gill Net,< 6 in,1986,694,0,0.001,0.007,0,0.241,0,0,0.44,0.007,0,0.266,0.016,0.006,0.016,0,0,1,,Proportions don't add to 1.0; but these data match the original source (no data entry error),Tobias and Willette 2010,64
Northern District; General Subdistrict,,NSN,Commercial Harvest,Gill Net,< 6 in,1987,437,0,0,0.0046,0,0.1945,0,0,0.4371,0.0092,0,0.3455,0.0046,0.0023,0.0023,0,0,1,,Proportions don't add to 1.0; but these data match the original source (no data entry error),Tobias and Willette 2010,64
Northern District; General Subdistrict,,NSN,Commercial Harvest,Gill Net,< 6 in,1988,309,0,0,0,0,0.1489,0,0,0.2751,0,0,0.5631,0.0032,0.0065,0.0032,0,0,1,,,Tobias and Willette 2010,64
Northern District; General Subdistrict,,NSN,Commercial Harvest,Gill Net,< 6 in,1989,349,0,0,0.006,0,0.152,0,0,0.335,0,0,0.504,0,0.003,0,0,0,1,,,Tobias and Willette 2010,64
Northern District; General Subdistrict,,NSN,Commercial Harvest,Gill Net,< 6 in,1990,360,0,0,0.014,0,0.2082,0,0,0.4167,0,0,0.3472,0,0.014,0,0,0,1,,,Tobias and Willette 2010,64
Northern District; General Subdistrict,,NSN,Commercial Harvest,Gill Net,< 6 in,1991,378,0,0,0,0,0.2831,0,0,0.3624,0,0,0.3544,0,0,0,0,0,1,,,Tobias and Willette 2010,64
NorthernDistrict,,NSN,Commercial Harvest,Gill Net,< 6 in,1996,82,0,0,0.024,0,0.366,0,0,0.366,0,0,0.22,0,0,0,0,0,0.98,,Proportions don't add to 1.0; but these data match the original source (no data entry error),Whitmore and Sweet 1997; cited in R. Yanusz; ADFG; pers. comm. 12-2015,
NorthernDistrict,,NSN,Commercial Harvest,Gill Net,< 6 in,1997,98,0,0,0.02,0,0.265,0,0,0.5,0,0,0.214,0,0,0,0,0,1,,,Whitmore and Sweet 1998; cited in R. Yanusz; ADFG; pers. comm. 12-2015,
NorthernDistrict,,NSN,Commercial Harvest,Gill Net,< 6 in,1998,262,0,0,0,0,0.435,0,0,0.328,0,0,0.221,0,0.004,0,0,0,0.99,,,Whitmore and Sweet 1999; cited in R. Yanusz; ADFG; pers. comm. 12-2015,
NorthernDistrict,,NSN,Commercial Harvest,Gill Net,< 6 in,1999,200,0,0,0,0,0.4,0,0,0.465,0,0,0.12,0,0.005,0,0,0,0.99,,,Rutz and Sweet 2000; cited in R. Yanusz; ADFG; pers. comm. 12-2015,
NorthernDistrict,,NSN,Commercial Harvest,Gill Net,< 6 in,2000,370,0,0,0.003,0,0.203,0,0,0.57,0,0,0.224,0,0,0,0,0,1,,,Sweet and Rutz 2001; cited in R. Yanusz; ADFG; pers. comm. 12-2015,
Salamatof Beach,,ESSN,Commercial Harvest,Gill Net,< 6 in,1983,107,0,0,0.009,0,0.066,0,0,0.084,0,0,0.813,0,0.028,0,0,0,1,,,Tobias and Willette 2010,58
Salamatof Beach,,ESSN,Commercial Harvest,Gill Net,< 6 in,1984,45,0,0,0,0,0.088,0,0,0.067,0,0,0.734,0,0.111,0,0,0,1,,,Tobias and Willette 2010,58
Salamatof Beach,,ESSN,Commercial Harvest,Gill Net,< 6 in,1985,261,0,0,0.073,0,0.192,0,0.004,0.126,0,0,0.556,0,0.038,0.011,0,0,1,,,Tobias and Willette 2010,58
Salamatof Beach,,ESSN,Commercial Harvest,Gill Net,< 6 in,1986,242,0,0,0,0.008,0.203,0,0,0.333,0.012,0,0.366,0.02,0.05,0.008,0,0,1,,Proportions don't add to 1.0; but these data match the original source (no data entry error),Tobias and Willette 2010,58
Theodore,Theodore,,Escapement,Weir,,2012,247,0,0,0,0,0.656,0,0,0.271,0,0,0.073,0,0,0,0,0,1,Y,,Logelin et al. 2017,20-22
Theodore,Theodore,,Escapement,Weir,,2013,192,0,0,0,0,0.326,0,0,0.576,0,0,0.098,0,0,0,0,0,1,Y,,Logelin et al. 2017,20-22
Theodore,Theodore,,Escapement,Weir,,2014,29,0,0,0.207,0,0.138,0,0,0.414,0,0,0.241,0,0,0,0,0,1,Y,Age estimates probably biased beause a large but unknown portion of the run was not accounted for or sampled due to multiple high water events at the weir.,Logelin et al. 2017,20-22
Crooked,Crooked,,Escapement,Weir,,2004,561,0,0,0,0,0.458110517,0,0,0.43315508,0,0,0.108734403,0,0,0,0,0,1,Y,Ocean-age-1 fish excluded from escapement; sport harvest; and age composition data,J. Cope; ADFG-SF; pers. comm. 2/1/2018,
Crooked,Crooked.Hatchery,,Escapement,Weir,,2004,1056,0,0,0,0,0.667613636,0,0,0.322916667,0,0,0.009469697,0,0,0,0,0,1,Y,Ocean-age-1 fish excluded from escapement; sport harvest; and age composition data,J. Cope; ADFG-SF; pers. comm. 2/1/2018,
Crooked,Crooked,,Escapement,Weir,,2005,194,0,0,0,0,0.309278351,0,0,0.520618557,0,0,0.170103093,0,0,0,0,0,1,Y,Ocean-age-1 fish excluded from escapement; sport harvest; and age composition data,J. Cope; ADFG-SF; pers. comm. 2/1/2018,
Crooked,Crooked.Hatchery,,Escapement,Weir,,2005,157,0,0,0,0,0.407643312,0,0,0.522292994,0,0,0.070063694,0,0,0,0,0,1,Y,Ocean-age-1 fish excluded from escapement; sport harvest; and age composition data,J. Cope; ADFG-SF; pers. comm. 2/1/2018,
Crooked,Crooked,,Escapement,Weir,,2006,91,0,0,0,0,0.285714286,0,0,0.54945055,0,0,0.164835165,0,0,0,0,0,1,Y,Ocean-age-1 fish excluded from escapement; sport harvest; and age composition data,J. Cope; ADFG-SF; pers. comm. 2/1/2018,
Crooked,Crooked.Hatchery,,Escapement,Weir,,2006,96,0,0,0,0,0.572916667,0,0,0.385416667,0,0,0.041666667,0,0,0,0,0,1,Y,Ocean-age-1 fish excluded from escapement; sport harvest; and age composition data,J. Cope; ADFG-SF; pers. comm. 2/1/2018,
Crooked,Crooked,,Escapement,Weir,,2007,76,0,0,0,0,0.184210526,0,0,0.52631579,0,0,0.289473684,0,0,0,0,0,1,Y,Ocean-age-1 fish excluded from escapement; sport harvest; and age composition data,J. Cope; ADFG-SF; pers. comm. 2/1/2018,
Crooked,Crooked.Hatchery,,Escapement,Weir,,2007,41,0,0,0,0,0.463414634,0,0,0.487804878,0,0,0.048780488,0,0,0,0,0,1,Y,Ocean-age-1 fish excluded from escapement; sport harvest; and age composition data,J. Cope; ADFG-SF; pers. comm. 2/1/2018,
Crooked,Crooked,,Escapement,Weir,,2008,73,0,0,0,0,0.246575343,0,0,0.589041096,0,0,0.164383562,0,0,0,0,0,1,Y,Ocean-age-1 fish excluded from escapement; sport harvest; and age composition data,J. Cope; ADFG-SF; pers. comm. 2/1/2018,
Crooked,Crooked.Hatchery,,Escapement,Weir,,2008,31,0,0,0,0,0.419354839,0,0,0.516129032,0,0,0.064516129,0,0,0,0,0,1,Y,Ocean-age-1 fish excluded from escapement; sport harvest; and age composition data,J. Cope; ADFG-SF; pers. comm. 2/1/2018,
Crooked,Crooked,,Escapement,Weir,,2009,209,0,0,0,0,0.411483254,0,0,0.444976077,0,0,0.14354067,0,0,0,0,0,1,Y,Ocean-age-1 fish excluded from escapement; sport harvest; and age composition data,J. Cope; ADFG-SF; pers. comm. 2/1/2018,
Crooked,Crooked.Hatchery,,Escapement,Weir,,2009,65,0,0,0,0,0.461538462,0,0,0.492307692,0,0,0.046153846,0,0,0,0,0,1,Y,Ocean-age-1 fish excluded from escapement; sport harvest; and age composition data,J. Cope; ADFG-SF; pers. comm. 2/1/2018,
Crooked,Crooked,,Escapement,Weir,,2010,134,0,0,0,0,0.358208955,0,0,0.470149254,0,0,0.171641791,0,0,0,0,0,1,Y,Ocean-age-1 fish excluded from escapement; sport harvest; and age composition data,J. Cope; ADFG-SF; pers. comm. 2/1/2018,
Crooked,Crooked.Hatchery,,Escapement,Weir,,2010,25,0,0,0,0,0.48,0,0,0.48,0,0,0.04,0,0,0,0,0,1,Y,Ocean-age-1 fish excluded from escapement; sport harvest; and age composition data,J. Cope; ADFG-SF; pers. comm. 2/1/2018,
Crooked,Crooked,,Escapement,Weir,,2011,218,0,0,0,0,0.348623853,0,0,0.472477064,0,0,0.178899083,0,0,0,0,0,1,Y,Ocean-age-1 fish excluded from escapement; sport harvest; and age composition data,J. Cope; ADFG-SF; pers. comm. 2/1/2018,
Crooked,Crooked.Hatchery,,Escapement,Weir,,2011,74,0,0,0,0,0.689189189,0,0,0.27027027,0,0,0.040540541,0,0,0,0,0,1,Y,Ocean-age-1 fish excluded from escapement; sport harvest; and age composition data,J. Cope; ADFG-SF; pers. comm. 2/1/2018,
Crooked,Crooked,,Escapement,Weir,,2012,259,0,0,0,0,0.366795367,0,0,0.50965251,0,0,0.123552124,0,0,0,0,0,1,Y,Ocean-age-1 fish excluded from escapement; sport harvest; and age composition data,J. Cope; ADFG-SF; pers. comm. 2/1/2018,
Crooked,Crooked.Hatchery,,Escapement,Weir,,2012,62,0,0,0,0,0.306451613,0,0,0.629032258,0,0,0.064516129,0,0,0,0,0,1,Y,Ocean-age-1 fish excluded from escapement; sport harvest; and age composition data,J. Cope; ADFG-SF; pers. comm. 2/1/2018,
Crooked,Crooked,,Escapement,Weir,,2013,407,0,0,0,0,0.42014742,0,0,0.503685504,0,0,0.076167076,0,0,0,0,0,1,Y,Ocean-age-1 fish excluded from escapement; sport harvest; and age composition data,J. Cope; ADFG-SF; pers. comm. 2/1/2018,
Crooked,Crooked.Hatchery,,Escapement,Weir,,2013,50,0,0,0,0,0.54,0,0,0.42,0,0,0.04,0,0,0,0,0,1,Y,Ocean-age-1 fish excluded from escapement; sport harvest; and age composition data,J. Cope; ADFG-SF; pers. comm. 2/1/2018,
Crooked,Crooked,,Escapement,Weir,,2014,447,0,0,0,0,0.272930649,0,0,0.651006711,0,0,0.07606264,0,0,0,0,0,1,Y,Ocean-age-1 fish excluded from escapement; sport harvest; and age composition data,J. Cope; ADFG-SF; pers. comm. 2/1/2018,
Crooked,Crooked.Hatchery,,Escapement,Weir,,2014,228,0,0,0,0,0.789473684,0,0,0.201754386,0,0,0.00877193,0,0,0,0,0,1,Y,Ocean-age-1 fish excluded from escapement; sport harvest; and age composition data,J. Cope; ADFG-SF; pers. comm. 2/1/2018,
Crooked,Crooked,,Escapement,Weir,,2015,459,0,0,0,0,0.431372549,0,0,0.453159041,0,0,0.11546841,0,0,0,0,0,1,Y,Ocean-age-1 fish excluded from escapement; sport harvest; and age composition data,J. Cope; ADFG-SF; pers. comm. 2/1/2018,
Crooked,Crooked.Hatchery,,Escapement,Weir,,2015,169,0,0,0,0,0,0,0,0.976331361,0,0,0.023668639,0,0,0,0,0,1,Y,Ocean-age-1 fish excluded from escapement; sport harvest; and age composition data,J. Cope; ADFG-SF; pers. comm. 2/1/2018,
Crooked,Crooked,,Escapement,Weir,,2016,293,0,0,0,0,0.614334471,0,0,0.341296928,0,0,0.044368601,0,0,0,0,0,1,Y,Ocean-age-1 fish excluded from escapement; sport harvest; and age composition data,J. Cope; ADFG-SF; pers. comm. 2/1/2018,
Crooked,Crooked.Hatchery,,Escapement,Weir,,2016,423,0,0,0,0,0.990543735,0,0,0,0,0,0.009456265,0,0,0,0,0,1,Y,Ocean-age-1 fish excluded from escapement; sport harvest; and age composition data,J. Cope; ADFG-SF; pers. comm. 2/1/2018,
LittleSusitna,LittleSusitna,,Escapement,Weir,,1988,375,0,0,0,0,0.067,0,0,0.2,0,0,0.733,0,0,0,0,0,1,,,Bartlett and Vincent Lang 1989,Tables 26; 28
LittleSusitna,LittleSusitna,,Escapement,Weir,,1989,368,0,0,0,0,0.068,0,0,0.149,0,0,0.747,0,0.035,0,0,0,1,,,FDS90-59,Tables 26; 28
LittleSusitna,LittleSusitna,,Escapement,Weir,,1994,499,0,0,0,0,0.108,0,0,0.248,0,0,0.639,0,0.004,0,0,0,1,,,FMR95-06,Table 28
LittleSusitna,LittleSusitna,,Escapement,Weir,,1995,475,0,0,0,0,0.221,0,0,0.233,0,0,0.494,0,0.035,0,0,0,0.98,,,FMR96-02,Table 23
LittleSusitna,LittleSusitna,,Escapement,Weir,,2013,242,0,0,0.008,0,0.483,0,0,0.302,0,0,0.198,0,0,0,0,0,0.99,,,Adam St. Saviour; ADFG-SF; unpublished data,
LittleSusitna,LittleSusitna,,Escapement,Weir,,2014,108,0,0,0.065,0,0.315,0,0,0.481,0,0,0.139,0,0,0,0,0,1,,,Adam St. Saviour; ADFG-SF; unpublished data,
LittleSusitna,LittleSusitna,,Escapement,Weir,,2015,272,0,0,0.202,0,0.537,0,0,0.136,0,0,0.125,0,0,0,0,0,1,,,Adam St. Saviour; ADFG-SF; unpublished data,
LittleSusitna,LittleSusitna,,Escapement,Weir,,2016,375,0,0,0.165,0,0.189,0,0,0.565,0,0,0.08,0,0,0,0,0,1,,,Adam St. Saviour; ADFG-SF; unpublished data,
Tyonek,,Tyonek,Subsistence Harvest,Gill Net,< 6 in,2014,136,0,0,0.059,0,0.184,0,0,0.375,0,0,0.324,0,0.059,0,0,0,1,,,Adam St. Saviour; ADFG-SF; unpublished data,
Tyonek,,Tyonek,Subsistence Harvest,Gill Net,< 6 in,2015,300,0,0,0.073,0,0.283,0,0,0.527,0,0,0.117,0,0,0,0,0,1,,,Adam St. Saviour; ADFG-SF; unpublished data,
Tyonek,,Tyonek,Subsistence Harvest,Gill Net,< 6 in,2016,210,0,0,0.052,0,0.181,0,0,0.629,0,0,0.133,0,0.005,0,0,0,1,,,Adam St. Saviour; ADFG-SF; unpublished data,
NorthernDistrict,,NSN,Commercial Harvest,Gill Net,< 6 in,2014,568,0,0,0.06,0,0.279,0,0,0.413,0,0,0.231,0,0.017,0,0,0,1,,,Adam St. Saviour; ADFG-SF; unpublished data,
NorthernDistrict,,NSN,Commercial Harvest,Gill Net,< 6 in,2015,725,0,0,0.155,0,0.431,0,0,0.324,0,0,0.089,0,0.001,0,0,0,1,,,Adam St. Saviour; ADFG-SF; unpublished data,
NorthernDistrict,,NSN,Commercial Harvest,Gill Net,< 6 in,2016,1027,0,0,0.014,0,0.347,0,0,0.563,0,0,0.076,0,0,0,0,0,1,,,Adam St. Saviour; ADFG-SF; unpublished data,